identifier,base_fid,direction,actype,origin,destination,spawn_time,del_time,spawn_lat,spawn_lon,spawn_alt_ft,spawn_mass_kg,n_waypoints
281086829,281086829,eastbound,B744,KJFK,EBLG,20:37:21.92,25:17:43.64,46.436833,-52.851793,37154.0,287502.87623120047,90
281086343,281086343,eastbound,B77L,KJFK,EDDP,20:42:39.51,25:34:57.07,47.730799,-52.946127,42190.0,239317.5733633404,91
281086234,281086234,eastbound,A333,KCVG,LIMC,21:32:51.35,26:35:18.35,45.996813,-52.320599,38693.0,186132.3947036203,79
281089506,281089506,westbound,B763,EGNX,KCVG,21:49:01.42,26:39:53.38,55.720574,-7.984991,37215.0,161722.7622523058,80
281089241,281089241,westbound,B77L,EDDK,KMEM,22:12:46.83,26:25:50.23,58.354377,-8.353853,41323.0,254287.61822379444,64
281089083,281089083,westbound,B748,EDDK,KSDF,22:18:43.70,26:35:34.66,58.448946,-8.145535,36714.0,385914.19707163144,72
281089697,281089697,westbound,B763,EGNX,KCVG,22:23:08.53,27:11:06.62,55.947118,-7.976734,37287.0,161713.28577764056,79
281089533,281089533,eastbound,B77W,TFFF,LFPO,22:47:42.26,29:12:56.68,26.035037,-56.717266,39043.0,280197.133043448,106
281089322,281089322,westbound,A332,EBBR,KCVG,22:52:25.28,27:34:08.87,56.004841,-7.990508,39116.0,202601.88558792396,77
281088862,281088862,eastbound,B789,MDLR,EGCC,22:56:45.14,28:34:39.78,34.953308,-60.754518,40787.0,193464.54622370642,92
281089868,281089868,westbound,B763,LEMD,CYYZ,22:56:59.04,28:35:15.90,44.102747,-9.476518,35425.0,160084.00040684114,93
281089899,281089899,westbound,B77L,EGSS,KIND,22:57:48.03,27:31:45.56,55.66396,-8.192294,41729.0,251014.60654799934,80
281089973,281089973,westbound,B77L,LFPG,MMSM,23:05:41.75,29:03:32.70,49.999315,-6.457157,40176.0,272597.64216880454,65
281088905,281088905,eastbound,A332,CYUL,DAAG,23:10:34.74,27:40:57.28,45.963315,-51.90059,36765.0,196755.00982734252,79
281089558,281089558,eastbound,B78X,TBPB,EGLL,23:12:45.82,29:23:15.20,25.837946,-55.988873,39819.0,221037.00068086604,102
281089745,281089745,westbound,B789,LFPG,MMMX,23:13:33.57,27:37:52.56,55.581934,-8.040389,39153.0,215861.2067479767,53
281089122,281089122,eastbound,B763,KMIA,EBBR,23:14:40.74,29:56:26.33,37.930275,-68.046603,39143.0,163232.83067467232,103
281089706,281089706,eastbound,B772,KCLT,EDDM,23:15:53.87,29:47:03.87,40.995414,-67.948536,37167.0,233863.84528205908,103
281089960,281089960,westbound,B789,EGLL,MMMX,23:19:47.38,29:08:07.14,51.439604,-10.127656,39178.0,216134.08588383804,62
281089807,281089807,eastbound,A332,TNCM,LFPG,23:21:04.93,30:20:24.02,26.23803,-60.516155,39050.0,203145.09144780168,113
281089248,281089248,westbound,B788,LIRF,MMMX,23:22:38.67,28:45:14.10,44.012676,-11.048558,40293.0,191112.36007226666,54
281088965,281088965,eastbound,A346,KJFK,EDDF,23:24:11.70,28:19:05.79,46.444182,-51.893953,37031.0,280726.9660386815,91
281089749,281089749,eastbound,B788,TLPL,EGKK,23:25:20.14,29:44:32.75,25.948286,-56.777251,41760.0,176492.21452492668,104
281089324,281089324,eastbound,A346,KBOS,EDDF,23:36:47.48,28:25:46.22,46.627458,-51.902393,36471.0,279026.92992355576,89
281089925,281089925,eastbound,B77W,TFFR,LFPO,23:46:44.61,30:09:50.19,26.169175,-56.600962,39010.0,280393.4389226471,108
281089575,281089575,eastbound,A333,KMIA,EHAM,23:53:36.87,30:42:36.46,38.087102,-67.771901,38780.0,190436.13649582095,101
281089676,281089676,eastbound,B789,MDLR,EGKK,23:57:11.71,29:48:33.82,34.461499,-60.622958,40711.0,194541.16723222705,94
281089396,281089396,eastbound,B763,KMIA,EBBR,23:58:58.83,30:42:03.49,37.823474,-68.208086,39104.0,163519.66606357697,104
281089746,281089746,eastbound,A333,KJFK,EIDW,24:06:00.57,28:06:05.30,46.721678,-52.407509,37256.0,190175.447681704,71
281089598,281089598,eastbound,A339,KJFK,EHAM,24:06:22.78,28:55:37.31,46.823446,-51.998228,37609.0,200663.18910469877,85
281089727,281089727,eastbound,B748,CYUL,EDDF,24:07:42.12,28:49:46.53,48.827967,-52.896046,37607.0,368526.89290121704,87
281089771,281089771,eastbound,B748,KMIA,EDDF,24:08:15.52,30:38:35.82,38.048576,-67.623606,36391.0,389277.77492278465,100
281090136,281090136,eastbound,A333,TBPB,EGCC,24:11:37.71,30:47:40.32,25.853158,-57.392005,38803.0,191993.33342579406,103
281089583,281089583,eastbound,A339,KJFK,LIRF,24:12:27.07,29:07:18.23,45.944509,-51.879824,37426.0,207150.3120404497,82
281090113,281090113,eastbound,A339,TFFR,LFPO,24:17:19.10,31:11:47.33,26.151992,-58.145812,39191.0,209552.41739703517,109
281090069,281090069,eastbound,A333,KBOS,EIDW,24:17:51.36,28:16:09.80,46.902763,-52.204652,37142.0,191395.3596931718,70
281089538,281089538,eastbound,A333,KMIA,LSZH,24:18:47.90,31:17:59.09,38.004762,-67.583025,38777.0,190485.16928932458,97
281089296,281089296,eastbound,B748,KSDF,EDDK,24:19:14.20,29:01:21.54,46.510447,-52.155149,36254.0,371207.8985741715,86
281089464,281089464,eastbound,A333,CYYZ,EDDF,24:20:14.56,29:25:24.49,48.440934,-52.92732,38912.0,189028.7562659473,87
281089909,281089909,eastbound,B77L,KMIA,EHAM,24:20:33.26,30:39:30.15,38.101442,-67.397274,41444.0,248964.16419575768,101
281089509,281089509,eastbound,B77W,TNCC,EHAM,24:21:40.52,30:30:11.47,34.130261,-60.570753,39463.0,278027.4108540445,87
281089930,281089930,eastbound,B788,KJFK,LFPG,24:25:21.76,29:06:16.56,46.385835,-52.960625,42242.0,167981.60991309508,87
281089415,281089415,eastbound,A333,KJFK,LSZH,24:28:35.12,29:36:12.29,46.004041,-52.205236,37713.0,190288.83008349774,90
281089902,281089902,eastbound,A388,KMIA,EGLL,24:30:10.41,30:28:51.95,37.983205,-67.178922,38893.0,465385.3531534313,99
281089020,281089020,eastbound,A339,KATL,LFPG,24:31:10.46,31:00:34.95,40.994455,-67.781522,38110.0,209198.0318787622,104
281089881,281089881,eastbound,B764,KEWR,LIRF,24:32:36.74,29:23:25.37,46.444451,-52.169677,34183.0,176989.18158226687,82
281090243,281090243,eastbound,A332,TFFR,LFPG,24:33:55.50,31:18:25.64,26.08187,-57.824907,39209.0,202230.41441329374,108
281089347,281089347,eastbound,A333,KDTW,EHAM,24:34:43.68,29:21:53.23,48.452482,-52.524731,39094.0,187386.11130685717,84
281089926,281089926,eastbound,B788,MDPC,EGCC,24:35:00.40,30:23:17.60,33.788466,-60.996176,41928.0,172797.55865568662,95
281090074,281090074,eastbound,A333,KBOS,EKCH,24:37:10.66,29:53:24.32,47.584747,-52.015185,38284.0,191291.4552363892,91
281089342,281089342,eastbound,B77L,KCVG,EDDP,24:37:28.28,29:29:42.63,46.853349,-51.792514,37010.0,236588.85778379405,82
281089812,281089812,eastbound,A333,KIAD,EIDW,24:37:54.05,28:39:01.36,46.512533,-52.430634,37835.0,188686.14687346987,72
281090378,281090378,eastbound,B772,TAPA,EGKK,24:39:21.44,31:02:30.38,26.172416,-58.738453,38684.0,229962.949270029,108
281089975,281089975,eastbound,A333,KRSW,EDDF,24:42:13.92,31:54:07.67,37.998798,-68.827094,38738.0,190638.81325763155,101
281090029,281090029,eastbound,A333,KEWR,EIDW,24:45:02.62,28:42:51.31,46.745894,-51.938572,37408.0,189909.9967948794,71
281089938,281089938,eastbound,B763,KEWR,EGLL,24:47:26.06,29:12:38.57,46.644166,-52.181455,36599.0,151690.76464097292,80
281089979,281089979,eastbound,A359,KJFK,LFPG,24:47:34.78,29:32:42.83,45.918474,-52.813364,38285.0,222084.47430207024,88
281089995,281089995,eastbound,A333,CYYZ,EIDW,24:47:40.53,28:42:41.90,49.020669,-53.120689,38881.0,189417.47566801138,68
281089335,281089335,eastbound,A343,KDTW,EDDF,24:50:18.65,29:54:30.19,46.624851,-52.36367,36554.0,209700.00848799947,85
281088893,281088893,eastbound,B77L,MPTO,EHAM,24:50:27.92,30:55:04.78,37.947894,-64.144899,41543.0,246197.80794772075,79
281089748,281089748,eastbound,A333,CYUL,LSZH,24:52:14.76,29:54:56.38,48.379271,-52.60931,38666.0,191183.36164392252,86
281090203,281090203,eastbound,A333,CYUL,EDDF,24:54:54.02,30:04:14.06,48.525216,-52.755788,38666.0,191143.37329185972,88
281089776,281089776,eastbound,B772,MMUN,EHAM,24:56:40.29,31:23:53.70,37.908832,-68.79748,38311.0,230905.29231680115,93
281089023,281089023,eastbound,B78X,KATL,EHAM,24:57:47.53,31:08:26.82,41.281832,-67.903866,36927.0,219985.30826463757,104
281090123,281090123,eastbound,B78X,KJFK,EHAM,24:57:51.63,29:34:25.94,46.333288,-52.423621,36394.0,219404.47731624506,87
281090329,281090329,eastbound,A35K,TBPB,EGLL,24:58:41.18,31:20:39.16,26.053181,-56.514868,38561.0,261120.2661592641,102
281090301,281090301,eastbound,A339,TFFF,LFPO,24:58:42.96,31:54:39.25,25.779377,-57.984531,39208.0,209615.03565491218,107
281090099,281090099,eastbound,B764,KEWR,EDDB,24:59:31.13,30:16:11.71,46.580632,-52.430902,34270.0,174154.60723328838,93
281089845,281089845,eastbound,B764,KIAD,EDDM,25:00:36.93,30:06:53.93,46.425148,-52.352771,34293.0,175510.1275994202,88
281089311,281089311,eastbound,B748,KORD,ELLX,25:00:48.67,29:41:58.14,46.576521,-52.22742,36327.0,368824.93044351833,83
281089550,281089550,eastbound,B77L,KIND,EBLG,25:02:19.51,29:42:19.54,46.709448,-51.880993,36718.0,233307.14157924204,83
281090049,281090049,eastbound,B772,KMIA,LEBL,25:04:08.13,31:12:26.70,37.948223,-66.579037,38418.0,230556.61382836854,94
281090127,281090127,eastbound,B772,KEWR,LOWW,25:05:25.04,30:01:12.15,46.45706,-52.145328,36108.0,224309.20154314736,87
281090034,281090034,eastbound,B772,KEWR,LIMC,25:08:20.15,29:52:55.63,45.889176,-52.431112,36548.0,221387.02135657388,88
281090328,281090328,eastbound,B78X,KBOS,EGLL,25:11:09.95,29:25:27.08,46.289572,-52.277627,36094.0,220471.81463468712,80
281090295,281090295,eastbound,A333,KBOS,BIKF,25:13:35.77,28:03:30.14,50.70932,-54.273841,39141.0,186640.93809134426,49
281090046,281090046,eastbound,B763,KEWR,LSGG,25:14:39.84,30:08:29.90,45.904958,-52.009018,36830.0,155253.07382337542,89
281090016,281090016,eastbound,A332,KIAD,EHAM,25:17:32.91,30:01:59.22,46.550271,-51.830511,37133.0,193862.4798747042,87
281090254,281090254,eastbound,A332,KJFK,EDDF,25:21:29.04,30:27:10.49,46.478619,-52.068013,36784.0,195364.10902622977,91
281090261,281090261,eastbound,B772,KEWR,LFPG,25:23:27.60,29:57:04.78,46.342427,-51.989255,36199.0,216819.0643076173,86
281090251,281090251,eastbound,A333,KBOS,EGLL,25:23:40.14,29:51:56.92,46.368862,-51.880316,37486.0,191363.55499617968,79
281089891,281089891,eastbound,B77W,KIAD,EDDF,25:23:55.13,30:16:12.25,46.415029,-51.794179,36176.0,269187.61674545595,91
281089961,281089961,eastbound,B763,KIAD,LSZH,25:24:28.32,30:24:15.05,46.258072,-51.739255,36475.0,156228.73576117662,89
281090244,281090244,eastbound,B763,KJFK,LOWW,25:24:32.06,30:30:59.80,46.346741,-52.01205,36419.0,158653.57060972755,87
281090337,281090337,eastbound,B77W,KJFK,LFPG,25:26:49.73,30:00:00.84,46.475459,-51.777574,35921.0,266288.2258903093,86
281090214,281090214,eastbound,B772,KEWR,EHAM,25:31:55.74,30:07:37.57,46.540007,-51.800421,36119.0,216805.44380101122,84
281105867,281105867,eastbound,A339,TFFR,LFBD,25:32:26.64,32:18:43.70,25.832902,-58.209429,39345.0,207813.61824890366,109
281090355,281090355,eastbound,B788,KMIA,LFPG,25:32:35.01,31:56:56.87,38.125276,-67.15112,41474.0,176154.2195387389,101
281089918,281089918,eastbound,B789,MMUN,EGKK,25:35:36.07,31:50:05.00,38.08735,-68.792927,40293.0,195363.05768577798,91
281090155,281090155,eastbound,A339,KMIA,EGLL,25:37:33.92,31:58:19.26,38.086396,-66.684995,39163.0,208799.76293427535,99
281090204,281090204,eastbound,B78X,CYYZ,EGLL,25:38:01.81,29:48:49.00,46.893551,-52.013897,36411.0,217734.40010010012,76
281089497,281089497,eastbound,A333,KMSP,EHAM,25:40:09.19,30:22:23.78,49.699774,-52.515286,39535.0,184652.86252425166,76
281090417,281090417,eastbound,A333,KMIA,EFHK,25:40:40.55,33:26:00.15,37.687102,-69.270861,38718.0,190966.8149180641,100
281090064,281090064,eastbound,A332,KPHL,EDDF,25:41:03.98,30:46:18.73,46.320899,-51.783213,36895.0,195676.21918757193,91
281089584,281089584,eastbound,A343,KMSP,EDDF,25:41:43.55,30:43:12.49,49.139191,-52.627762,38257.0,209845.85584198294,77
281090354,281090354,eastbound,B789,CYUL,LFPG,25:43:28.59,30:13:28.81,48.642761,-52.548425,41157.0,188940.4572923723,83
281105835,281105835,eastbound,A339,KBOS,EHAM,25:44:00.07,30:33:36.05,47.422906,-52.530555,39726.0,200335.0856455029,85
281105886,281105886,eastbound,B78X,TBPB,EGLL,25:44:01.64,31:56:03.51,25.90241,-56.216077,39784.0,221051.55818490975,102
281090281,281090281,eastbound,B763,KIAD,EHAM,25:45:28.02,30:30:50.59,46.551784,-51.900662,36704.0,153722.8524389768,87
281089354,281089354,eastbound,B77W,KDFW,EGLL,25:45:36.66,30:03:45.31,46.443438,-52.476193,36190.0,263209.2159453521,71
281090191,281090191,eastbound,B737,KMSP,BIKF,25:47:20.88,28:29:07.82,54.853466,-58.680112,40472.0,54627.18193577816,45
281090373,281090373,eastbound,A333,CYUL,EBBR,25:48:49.68,30:40:30.69,48.327116,-52.902247,38657.0,191208.16838686683,85
281090158,281090158,eastbound,B789,KIAD,LOWW,25:48:50.65,30:47:27.73,46.452577,-51.883489,37491.0,193069.19644207056,83
281090160,281090160,eastbound,B763,KEWR,EGLL,25:49:04.06,30:14:46.56,46.540979,-52.200729,36675.0,151708.4457471954,79
281090276,281090276,eastbound,B789,KJFK,EGKK,25:49:34.79,30:11:02.86,46.369309,-52.835766,41156.0,187961.47885566752,78
281090199,281090199,eastbound,B78X,CYYZ,EHAM,25:49:59.36,30:19:25.95,49.087751,-53.342034,40091.0,218412.9855040418,83
281089519,281089519,eastbound,B77L,KMEM,EBLG,25:51:44.04,30:34:26.49,46.457141,-52.288898,36952.0,234958.96977912035,80
281090161,281090161,eastbound,B789,KIAD,EGLL,25:52:10.54,30:14:01.44,46.229297,-52.488669,37698.0,186086.03333656528,81
281090272,281090272,eastbound,A343,CYYZ,EDDF,25:54:56.59,31:03:34.55,46.817209,-52.338933,36898.0,208688.30756599476,87
281090380,281090380,eastbound,B772,KEWR,EGLL,25:58:37.36,30:15:03.02,46.454607,-51.993365,36113.0,214505.2896837709,80
281090252,281090252,eastbound,A333,MDPC,EDDF,25:58:59.55,32:50:48.08,34.684016,-60.753713,39024.0,189803.2290550386,95
281090435,281090435,eastbound,A339,KJFK,EHAM,25:59:28.65,30:49:06.58,46.660557,-51.860509,37513.0,200624.94429646438,86
281090420,281090420,eastbound,B764,KJFK,LEMD,25:59:44.04,30:34:01.85,45.726969,-52.287724,35395.0,170256.56450081902,83
281090396,281090396,eastbound,B78X,KJFK,EGLL,25:59:45.50,30:14:56.56,46.199191,-52.337143,36053.0,219289.01830691614,80
281106204,281106204,westbound,B772,EINN,KGRK,26:01:00.00,30:15:52.98,54.258333,-11.119722,37860.0,242474.0,67
281090110,281090110,eastbound,A339,MMUN,EDDF,26:01:17.14,33:12:45.81,37.804986,-68.884594,38643.0,215219.71109512306,91
281090377,281090377,eastbound,B763,KEWR,EGLL,26:02:01.38,30:29:34.86,46.53059,-52.228859,36688.0,151649.1954327275,81
281090148,281090148,eastbound,B752,KMCO,BIKF,26:04:03.36,30:45:05.56,40.592858,-67.998924,38618.0,91146.45212077284,81
281105825,281105825,eastbound,A333,KJFK,EGCC,26:04:47.34,30:23:07.64,46.378719,-52.155856,37703.0,190139.618287025,77
281105894,281105894,eastbound,A333,KBOS,EINN,26:06:29.35,29:53:33.40,46.479129,-52.269845,37867.0,191493.92130470838,66
281090442,281090442,eastbound,A333,KMCO,EGLL,26:08:01.78,32:40:19.09,38.261703,-69.505397,38642.0,191256.54937523516,104
281090226,281090226,eastbound,B772,KORD,EGLL,26:09:04.25,30:19:24.06,48.344031,-53.068253,39461.0,212866.75318146788,77
281105805,281105805,eastbound,B772,KJFK,EGLL,26:09:22.95,30:30:15.17,46.296581,-52.361498,36350.0,214956.80831563455,81
281105966,281105966,eastbound,B77W,TFFF,LFPG,26:11:51.53,32:41:51.59,25.881799,-57.044204,39064.0,280315.84965122316,106
281090289,281090289,eastbound,A333,MDPC,LFPO,26:12:11.63,32:41:25.83,34.137154,-60.411103,39005.0,189988.2142080697,96
281090338,281090338,eastbound,B77W,KJFK,EGLL,26:14:39.43,30:27:40.63,46.384879,-51.744352,36166.0,262843.8424892213,80
281090357,281090357,eastbound,A339,MDPC,EDDF,26:14:55.55,33:00:33.48,34.131372,-60.642746,39101.0,211168.5172682796,93
281090410,281090410,eastbound,B772,KMCO,EGKK,26:15:14.78,32:18:01.64,38.014188,-67.600335,38628.0,227813.49431043945,102
281105880,281105880,eastbound,A332,KBOS,EGLL,26:15:54.25,30:40:17.88,47.715488,-52.890366,39994.0,190627.3366616447,79
281106127,281106127,eastbound,A333,TAPA,EGLL,26:16:28.85,33:11:23.20,25.844165,-59.271785,38500.0,193855.0556446321,110
281090322,281090322,eastbound,B789,KIAD,EGLL,26:17:25.78,30:41:24.03,46.062079,-52.77036,37819.0,186204.73915471823,82
281090352,281090352,eastbound,B77W,KJFK,LFPG,26:17:42.93,30:50:05.45,46.147764,-51.997359,36095.0,266059.94846964016,86
281089993,281089993,eastbound,B789,KIAD,LFPG,26:20:57.90,31:03:09.24,46.060652,-51.993096,36796.0,187332.66545971076,87
281105898,281105898,eastbound,A339,TBPB,EDDF,26:22:11.36,33:26:42.60,25.804216,-56.188628,39046.0,211892.20704590346,100
281090209,281090209,eastbound,A333,CYYZ,EGLL,26:22:43.34,30:50:06.01,48.172629,-53.026841,38907.0,189119.78208030757,77
281105856,281105856,eastbound,A333,CYUL,EGLL,26:23:02.45,30:49:40.47,48.137782,-52.858454,38655.0,191216.7257311307,77
281090392,281090392,eastbound,B763,KEWR,LSZH,26:25:53.26,31:22:44.35,46.268595,-51.952737,36141.0,155905.67597976467,89
281105791,281105791,eastbound,B78X,KEWR,EBBR,26:25:55.80,31:02:41.72,46.322022,-51.819347,35718.0,218930.9184006504,87
281106009,281106009,eastbound,B772,TLPL,EGKK,26:27:46.69,32:55:31.59,25.734865,-58.893173,38707.0,229235.08554755678,105
281105891,281105891,eastbound,B772,MDPC,EGKK,26:29:28.44,32:20:05.01,33.74988,-60.730322,38897.0,225605.96776698224,95
281106033,281106033,eastbound,B763,KBOS,BIKF,26:31:43.53,29:18:35.48,50.768713,-54.360811,41506.0,144274.88457251756,50
281090316,281090316,eastbound,A332,KDTW,EGLL,26:32:06.27,30:52:47.75,48.907961,-53.162784,40123.0,192098.45842778226,77
281105845,281105845,eastbound,B77W,KJFK,EGLL,26:32:22.60,30:46:36.61,46.187111,-51.947402,35826.0,263917.4082363737,79
281105919,281105919,eastbound,A333,KEWR,LFPO,26:33:17.48,31:27:48.87,46.092048,-52.352148,37194.0,190117.03119921446,88
281105965,281105965,eastbound,A332,CYUL,LFPG,26:33:23.81,31:10:57.91,48.140754,-52.460071,40038.0,192179.37626068393,83
281090362,281090362,eastbound,B77W,CYYZ,LFPG,26:35:37.90,31:07:31.56,46.661323,-52.167393,36147.0,264791.56441289897,83
281090385,281090385,eastbound,A35K,KPHL,EGLL,26:36:04.89,31:01:35.60,46.20449,-52.096348,36506.0,250624.42169599212,81
281090444,281090444,eastbound,B77W,KIAD,LFPG,26:38:24.72,31:12:13.13,46.093102,-52.160697,35880.0,265933.1548247858,86
281105925,281105925,eastbound,B772,KEWR,BIKF,26:38:36.31,29:18:45.13,50.67656,-54.187285,40222.0,204189.6491827138,49
281089870,281089870,eastbound,B77W,KDFW,EGLL,26:39:00.59,30:58:42.74,46.279254,-52.585492,36152.0,263432.7145226997,71
281105824,281105824,eastbound,B748,KEWR,EDDF,26:41:30.37,31:31:43.51,46.24502,-52.353211,35872.0,370400.3247933312,91
281105933,281105933,eastbound,B764,KJFK,LFPG,26:42:25.46,31:26:38.54,45.971665,-52.202897,34379.0,170671.43987579635,86
281105846,281105846,eastbound,B764,KEWR,EIDW,26:42:43.32,30:36:13.05,46.344863,-51.866686,34519.0,165985.25660092596,71
281105905,281105905,eastbound,A339,KJFK,LIRF,26:44:35.46,31:42:02.23,46.019689,-52.161856,36487.0,207165.8310849777,82
281089833,281089833,eastbound,A339,KSEA,EHAM,26:45:27.16,31:35:40.77,60.200472,-63.523523,40064.0,204333.81024051923,69
281105970,281105970,eastbound,B772,CYYZ,BIKF,26:46:06.91,29:21:31.53,52.732339,-56.398282,40318.0,203507.35099843322,47
281090381,281090381,eastbound,B772,MMUN,EGKK,26:46:56.15,32:41:35.92,39.857703,-67.729209,38343.0,225629.81163714852,87
281106286,281106286,westbound,B763,EGNX,KJFK,26:46:59.99,31:53:24.71,56.186001,-8.157915,40080.0,157033.40226620465,84
281105828,281105828,eastbound,B77W,CYUL,LFPG,26:47:08.63,31:16:10.64,47.036137,-51.827023,36307.0,265636.2100138173,82
281089908,281089908,eastbound,A339,KMSP,LFPG,26:47:21.22,31:29:37.72,49.338189,-52.282725,39993.0,201173.7082867974,76
281090004,281090004,eastbound,B772,CYVR,BIKF,26:47:41.84,29:10:16.59,63.259805,-65.523049,40549.0,199604.49792920152,44
281090311,281090311,eastbound,A333,KDTW,LFPG,26:48:32.10,31:39:58.34,46.929368,-52.24439,38659.0,187272.156220788,85
281105967,281105967,eastbound,A333,KJFK,LSGG,26:49:22.45,31:53:10.79,46.049276,-51.857106,37406.0,190085.08368172974,89
281105988,281105988,eastbound,B77W,KMIA,LSZH,26:51:28.23,33:19:57.49,37.852171,-66.76235,38846.0,284569.9094692425,96
281106076,281106076,eastbound,A339,KBOS,EGLL,26:51:59.94,31:21:19.11,46.668373,-52.481126,39570.0,198406.60573155538,80
281105940,281105940,eastbound,A333,KMIA,EKCH,26:52:29.96,34:15:44.87,37.781377,-68.518075,38744.0,190741.2415402331,104
281105949,281105949,eastbound,B764,KEWR,LEBL,26:53:43.18,31:34:30.10,46.030974,-52.092803,34613.0,172666.61636119278,85
281089042,281089042,eastbound,B772,KSFO,EGLL,26:57:54.35,31:07:29.28,49.271785,-53.080511,39628.0,206138.56369638635,55
281089865,281089865,eastbound,B772,KDFW,EDDF,26:59:30.56,31:57:59.43,46.275595,-52.275675,36190.0,215803.25929498492,72
281105987,281105987,eastbound,A332,KJFK,EGLL,26:59:52.57,31:23:07.01,46.310119,-51.765219,37364.0,191079.7999781517,80
281105840,281105840,eastbound,B772,CYOW,LFPG,27:01:38.45,31:30:56.59,48.996667,-53.04583,39380.0,217033.00226047618,83
281090434,281090434,eastbound,B763,KORD,EGLL,27:02:08.82,31:23:41.93,49.175429,-53.145677,40637.0,152274.6351707981,76
281090011,281090011,eastbound,B752,KSEA,BIKF,27:02:43.43,29:36:29.88,61.662347,-65.422613,40958.0,83792.02544100868,45
281105985,281105985,eastbound,A333,CYUL,LIRF,27:02:55.00,31:59:49.86,46.845432,-52.077849,38063.0,190952.78408060223,83
281105958,281105958,eastbound,B78X,KEWR,EDDF,27:04:40.02,32:01:51.94,46.313085,-52.053087,35771.0,219051.96056204016,91
281105850,281105850,eastbound,A339,KMIA,EDDF,27:05:19.05,34:09:13.70,38.027502,-67.038387,38775.0,212971.57451683024,100
281106000,281106000,eastbound,A339,KMIA,LIRF,27:06:18.95,33:47:40.40,37.803175,-66.757671,38454.0,216517.9751632901,86
281090451,281090451,eastbound,B788,TNCC,EHAM,27:07:02.09,33:23:55.48,34.404515,-60.570861,41773.0,172013.53768571327,87
281106010,281106010,eastbound,B764,KJFK,LIMC,27:08:24.17,32:01:15.10,45.995687,-52.033597,34304.0,174183.49502848642,88
281090331,281090331,eastbound,A333,KDTW,EHAM,27:11:28.11,31:58:58.26,48.314911,-52.462863,39108.0,187401.58674008917,83
281105968,281105968,eastbound,A333,CYYZ,LPFR,27:13:12.19,31:43:00.70,45.591317,-52.077078,38192.0,188770.22775039484,77
281106085,281106085,eastbound,B789,MYNN,EGLL,27:17:02.09,33:15:00.25,38.093563,-65.147206,40526.0,195773.66755326433,98
281090443,281090443,eastbound,B78X,KORD,EBBR,27:17:07.42,31:58:26.25,46.326213,-52.500773,35793.0,214537.42840350623,82
281106178,281106178,eastbound,A339,KBOS,LFPG,27:17:31.71,32:08:07.42,46.230703,-52.379635,39308.0,200156.7261834508,86
281105948,281105948,eastbound,B772,KIAD,BIKF,27:18:39.15,30:00:40.99,50.388102,-54.201361,40171.0,203598.7464370448,49
281105976,281105976,eastbound,A332,CYUL,LEMG,27:18:43.81,31:52:51.95,46.231212,-52.380736,37555.0,193235.0833337718,79
281106002,281106002,eastbound,A333,MDPC,LZIB,27:18:51.58,34:12:24.66,33.825146,-60.808712,38980.0,190178.5184784482,86
281105926,281105926,eastbound,B772,KBWI,BIKF,27:19:08.07,29:59:39.76,50.538104,-54.032905,40187.0,203568.66026116489,51
281106087,281106087,eastbound,B77W,KJFK,EDDF,27:21:49.82,32:14:51.27,45.959854,-52.335033,35681.0,269207.87012703926,90
281106058,281106058,eastbound,B772,KJFK,EGLL,27:22:47.00,31:40:11.97,46.173269,-51.928436,35880.0,214689.84743355404,80
281105942,281105942,eastbound,B789,CYYZ,EIDW,27:23:25.17,31:07:29.54,48.574145,-52.917601,41463.0,183595.8322756165,64
281106094,281106094,eastbound,A333,KBOS,LFPG,27:24:55.97,32:14:50.01,46.352279,-52.186187,38232.0,191419.13519782427,85
281106063,281106063,eastbound,B752,KEWR,EGPH,27:25:06.77,31:30:52.39,46.615374,-52.133556,36041.0,89034.71823008066,74
281105796,281105796,eastbound,B78X,KORD,EDDM,27:27:34.15,32:22:22.69,46.36139,-52.263666,35828.0,214436.517736874,77
281090227,281090227,eastbound,A339,KMSP,EGLL,27:29:31.79,31:53:49.96,49.574989,-53.123652,40159.0,199370.1265604532,73
281106285,281106285,eastbound,A333,KBOS,EIDW,27:31:57.07,31:31:48.96,46.59561,-52.38466,38277.0,191535.89029804026,70
281106405,281106405,westbound,B763,LFPG,KEWR,27:32:22.33,32:47:52.21,54.480899,-8.379333,40047.0,157748.7344358197,86
281106195,281106195,eastbound,A359,KBOS,EDDM,27:32:40.29,32:30:34.77,46.824038,-51.934384,39318.0,225402.7440620122,89
281090151,281090151,eastbound,B788,KDFW,LFPG,27:34:08.22,32:14:35.26,45.942873,-52.283359,42014.0,159523.56530928012,71
281090124,281090124,eastbound,B789,KDEN,EDDF,27:35:46.27,32:27:01.65,48.923615,-52.3467,40996.0,181488.9996558778,67
281090440,281090440,eastbound,B772,SKCG,EHAM,27:36:29.71,33:32:59.02,37.061052,-61.092092,38804.0,224767.72636507868,79
281105861,281105861,eastbound,B748,KORD,ELLX,27:36:52.94,32:18:33.70,46.615648,-52.463589,37345.0,369021.1843215324,83
281106095,281106095,eastbound,A333,CYUL,LEMD,27:37:45.93,32:16:43.58,46.496268,-52.135132,37769.0,191007.84274453836,81
281106067,281106067,eastbound,B763,KEWR,EGLL,27:38:11.48,32:02:06.69,46.995913,-51.881064,38786.0,151533.8263575126,80
281106170,281106170,eastbound,B77W,KJFK,EGLL,27:39:14.11,31:56:20.86,46.425153,-52.333491,37406.0,263387.49859243544,81
281106027,281106027,eastbound,A333,CYYZ,LPPT,27:39:44.76,31:55:45.73,45.683323,-51.86387,38075.0,188732.03567856722,76
281106345,281106345,westbound,B763,EDDK,KEWR,27:40:08.92,32:37:33.97,57.676562,-7.691377,40111.0,157724.58309335686,81
281105910,281105910,eastbound,B772,KORD,BIKF,27:42:12.24,30:15:01.06,53.268806,-56.57782,40332.0,201797.3263150453,46
281089991,281089991,eastbound,A35K,KATL,EGLL,27:42:15.41,33:50:04.50,41.00859,-68.259625,37873.0,260543.85529929155,104
281106091,281106091,eastbound,A339,KMCO,EHAM,27:43:52.78,34:19:26.94,40.430252,-67.726898,38548.0,209853.00252781707,101
281106066,281106066,eastbound,B77W,CYYZ,EGLL,27:46:02.40,31:50:11.93,48.393482,-51.865432,39879.0,262280.6358102446,76
281089455,281089455,eastbound,B77W,KSFO,EDDF,27:46:30.67,32:37:03.46,48.556974,-53.221582,40053.0,263752.80519959435,58
281106159,281106159,eastbound,A333,KEWR,LIMC,27:47:59.91,32:53:47.77,46.460853,-52.065912,38429.0,190052.43567397393,89
281105848,281105848,eastbound,B77W,CYEG,EHAM,27:49:56.30,32:34:16.33,60.769553,-65.857027,40196.0,267328.80335309997,78
281105980,281105980,eastbound,B77W,CYYZ,EDDM,27:52:57.01,32:37:44.68,48.18703,-52.437891,39395.0,271134.3724836834,85
281090437,281090437,eastbound,B772,CYYC,EHAM,27:55:39.20,32:32:38.98,58.9654,-62.519093,39500.0,215210.23292834873,74
281105882,281105882,eastbound,A346,KORD,EDDF,27:56:12.60,32:46:39.37,47.215293,-52.606757,38902.0,284305.99543599493,80
281089623,281089623,eastbound,B78X,KSFO,EHAM,27:56:41.68,32:23:10.31,50.532402,-53.750212,41100.0,203700.37247478598,57
281106160,281106160,eastbound,B772,KATL,LFPG,27:56:52.55,34:05:31.66,41.206735,-67.811584,37556.0,228262.50203683274,104
281106190,281106190,eastbound,B77W,KJFK,EGLL,27:58:01.89,32:09:56.71,46.341025,-51.915614,37001.0,263036.045414008,79
281106640,281106640,eastbound,A388,KJFK,LIMC,27:58:58.89,34:11:31.09,41.277524,-67.979615,37716.0,461117.37931342627,111
281106012,281106012,eastbound,A333,KMCO,EIDW,27:59:23.81,33:43:35.31,40.292062,-67.994562,38550.0,190219.68681670903,96
281106453,281106453,eastbound,E35L,KBGR,EGPH,27:59:50.24,32:08:53.82,48.811354,-52.04204,38616.0,15407.81427068574,69
281106038,281106038,eastbound,A359,TNCC,EHAM,28:00:36.85,34:23:02.93,33.730962,-60.416362,39439.0,232498.24265032058,88
281089610,281089610,eastbound,B78X,KLAX,EHAM,28:01:21.40,32:35:42.26,47.355802,-53.041407,40538.0,202912.77585093703,58
281106265,281106265,eastbound,A333,KJFK,EIDW,28:04:10.95,32:04:44.69,46.48394,-52.375523,38411.0,190308.6233795062,72
281106264,281106264,eastbound,A333,KJFK,LSZH,28:08:50.21,33:16:21.46,46.196875,-52.1446,38380.0,190157.58773959024,90
281106813,281106813,westbound,B763,EGNX,KPHL,28:09:18.38,33:13:33.34,55.379447,-8.439215,39950.0,158093.0928319253,82
281106211,281106211,eastbound,A333,KMCO,EGCC,28:09:32.67,34:13:01.96,40.310681,-67.998798,38549.0,190209.37850844557,99
281090126,281090126,eastbound,A332,KATL,EDDF,28:10:03.37,33:19:18.98,46.381987,-52.232788,37824.0,197879.49309556512,82
281106236,281106236,eastbound,B763,KEWR,EGLL,28:10:59.70,32:34:32.10,47.013561,-51.815636,38784.0,151546.39744443528,80
281106151,281106151,eastbound,B789,MUHA,LIRF,28:11:11.90,34:32:24.14,37.85783,-66.170576,39830.0,202249.5486072238,82
281090382,281090382,eastbound,A339,KATL,EGCC,28:13:06.23,34:09:36.52,41.21801,-67.650332,38258.0,206154.46328897422,102
281106309,281106309,eastbound,A332,KJFK,LIRF,28:14:20.50,33:09:01.03,45.707817,-52.28125,36213.0,200055.9861704838,82
281090399,281090399,eastbound,B78X,MPTO,EHAM,28:19:11.87,34:19:51.84,37.927732,-62.993192,40908.0,212195.99861798753,78
281106957,281106957,eastbound,LJ35,CYYR,BIKF,28:20:00.00,30:59:41.58,54.998889,-57.0725,40870.0,7525.4,43
281106331,281106331,eastbound,B77W,KMIA,LFPG,28:20:03.22,34:37:44.71,37.805888,-67.76241,39088.0,280877.86107678403,101
281105974,281105974,eastbound,B788,KBNA,EGLL,28:20:17.47,32:43:37.28,46.447873,-52.936474,42138.0,161988.04216182345,79
281105903,281105903,eastbound,B78X,KORD,EDDF,28:21:22.85,33:10:29.01,47.56235,-52.154576,39310.0,214896.5171516212,81
281106320,281106320,eastbound,B78X,KJFK,EHAM,28:23:43.99,32:59:37.25,46.374667,-52.367997,37703.0,219277.37666913637,87
281106055,281106055,eastbound,A333,KTPA,EHAM,28:24:57.07,35:04:27.00,40.385634,-68.192991,38550.0,189702.63359821108,100
281106071,281106071,eastbound,A343,MMUN,LSZH,28:24:58.14,35:11:35.05,39.71234,-67.915544,36744.0,224465.54499237784,85
281106322,281106322,eastbound,B764,KJFK,EIDW,28:26:06.14,32:21:54.79,47.065928,-52.721192,34589.0,166551.33198578598,71
281105904,281105904,eastbound,B77W,CYYC,EGLL,28:29:34.20,32:46:34.19,55.931839,-59.278755,40453.0,262499.91691398044,69
281106198,281106198,eastbound,A333,KIAD,LSZH,28:30:15.54,33:38:02.22,46.111757,-52.432885,38594.0,188685.80525928564,88
281106354,281106354,eastbound,B77W,CYUL,LFPG,28:31:03.74,32:57:00.69,48.088947,-52.177152,39483.0,265107.90144961217,82
281106472,281106472,westbound,A333,EDDP,KJFK,28:31:14.26,33:28:01.98,59.776745,-7.712707,38864.0,191553.92039955684,82
281106546,281106546,eastbound,F900,KFOK,LIRI,28:31:39.86,33:29:52.26,45.645381,-52.055747,38187.0,13662.743728836553,79
281106258,281106258,eastbound,A359,KMIA,LFPO,28:32:15.00,35:06:45.72,38.059098,-67.356705,39128.0,232449.82034931175,101
281106316,281106316,eastbound,B764,KJFK,LSZH,28:32:58.91,33:30:35.77,45.96584,-51.987833,34036.0,173732.3004507426,89
281106343,281106343,eastbound,B788,KPHL,EGLL,28:34:30.67,32:57:12.93,47.009776,-52.658501,42120.0,165608.61862112372,81
281105865,281105865,eastbound,A343,KATL,EDDF,28:39:33.56,33:52:51.94,45.957602,-52.463437,36409.0,213077.3532779144,83
281106186,281106186,eastbound,A333,KDTW,EHAM,28:40:10.41,33:29:41.54,47.881039,-52.491602,39106.0,187420.83699464845,83
281106480,281106480,eastbound,B788,CYUL,LPPT,28:41:26.53,32:49:31.50,45.910627,-52.30721,42325.0,165925.86155478173,76
281106267,281106267,eastbound,B772,KBWI,ETAR,28:42:47.07,33:36:55.21,46.328745,-52.369656,37859.0,219474.63737019643,90
281106403,281106403,eastbound,B788,KPHL,EIDW,28:43:07.37,32:34:48.63,47.166958,-52.863989,42349.0,163423.21358056608,71
281089832,281089832,eastbound,A333,KATL,EHAM,28:44:24.61,33:37:14.00,46.566345,-52.187211,38991.0,184632.5071484767,81
281106425,281106425,eastbound,B772,KRDU,EGLL,28:46:11.94,34:38:38.58,41.394559,-67.848911,37591.0,226550.0598940046,106
281106302,281106302,eastbound,A333,KMCO,EDDF,28:46:23.65,35:46:05.64,39.33288,-68.156813,38655.0,190812.94590358663,100
281105939,281105939,eastbound,B772,MROC,EGKK,28:48:02.98,34:42:37.67,37.881207,-65.779888,38716.0,224104.18897464994,76
281106307,281106307,eastbound,B789,CYYZ,EHAM,28:48:56.47,33:17:13.54,48.924238,-51.867357,41106.0,187032.9246464304,81
281089931,281089931,eastbound,B764,KATL,LEBL,28:52:05.99,33:33:54.38,45.477581,-52.161536,34565.0,174496.4718225068,76
281106554,281106554,eastbound,B788,KBOS,EGLL,28:52:06.27,33:11:21.35,46.948828,-52.691589,42305.0,167056.54569031345,79
281106443,281106443,eastbound,A339,KMIA,EGLL,28:52:59.67,35:19:53.46,37.875518,-68.06699,39116.0,209254.4618577127,100
281106355,281106355,westbound,B788,LIRF,KATL,28:54:27.37,34:27:26.47,44.33764,-11.698454,41423.0,178825.89312928257,70
281105946,281105946,eastbound,A339,KMSP,EHAM,28:54:50.62,33:37:04.99,49.274485,-52.353741,40039.0,200634.55429166323,76
281106084,281106084,eastbound,B789,KDFW,LFPG,28:55:44.30,35:13:34.48,41.326735,-67.859626,38351.0,193396.97444809275,90
281106660,281106660,eastbound,B77L,TJBQ,EHAM,28:55:51.56,35:11:34.74,32.818446,-60.759669,41701.0,248484.42136303303,101
281105957,281105957,eastbound,B77W,CYVR,EGLL,28:57:29.93,33:18:33.93,58.096809,-61.631475,40400.0,264025.183828034,66
281106501,281106501,eastbound,A333,KBOS,LSZH,29:01:41.54,34:08:05.71,46.249128,-52.357904,38389.0,191427.0600008986,89
281106444,281106444,eastbound,B748,KMIA,EHAM,29:04:13.67,35:24:19.09,37.837648,-69.124811,36558.0,386479.0375396798,102
281106851,281106851,westbound,B744,EDDK,KPHL,29:06:06.67,33:42:26.27,57.963212,-8.358248,38654.0,295830.6948640467,80
281106298,281106298,eastbound,A333,KJFK,EGLL,29:12:08.93,33:39:29.20,46.485003,-51.753172,38544.0,190008.31790945277,79
281106498,281106498,eastbound,B772,KEWR,EGLL,29:12:58.92,33:27:28.66,46.568931,-52.286003,38346.0,214821.78727883924,80
281106346,281106346,eastbound,A35K,KJFK,EGLL,29:15:24.01,33:36:19.26,46.525528,-51.770729,38895.0,250129.0817500563,80
281105932,281105932,eastbound,A388,KDFW,EGLL,29:20:10.36,33:31:41.74,46.320358,-52.186167,39027.0,462517.1299893755,67
281106666,281106666,westbound,A35K,LIRF,KIAD,29:23:15.16,35:33:39.70,45.07354,-6.442929,38347.0,264486.3174500682,92
281105945,281105945,eastbound,B789,KDEN,EGLL,29:23:18.85,33:37:42.16,48.580058,-52.485253,41249.0,178234.87735769627,64
281106418,281106418,eastbound,A333,CYYZ,EGKK,29:23:26.52,33:50:26.52,48.668868,-51.996887,39006.0,188478.9210785873,76
281106558,281106558,eastbound,B763,KEWR,EGLL,29:26:20.81,33:49:19.08,47.310225,-51.81714,39272.0,151287.02956552856,80
281106145,281106145,eastbound,B77L,CYYZ,LSZH,29:27:44.87,34:08:05.62,48.841328,-52.011089,42110.0,238398.44354583067,85
281106225,281106225,eastbound,A333,KORD,LSZH,29:31:02.08,34:38:00.44,46.702709,-52.624781,39129.0,185742.64211510587,78
281106523,281106523,eastbound,A333,KJFK,EHAM,29:33:09.80,34:25:17.28,46.503842,-51.973511,38635.0,190144.6209968932,85
281106616,281106616,eastbound,A333,KEWR,LSZH,29:33:16.69,34:40:00.40,46.126603,-52.300573,38642.0,190112.5749294708,89
281106679,281106679,eastbound,B772,KATL,EHAM,29:35:17.59,35:45:36.63,41.290072,-67.932784,37918.0,228316.25877329643,104
281106709,281106709,westbound,B788,LIRF,KEWR,29:36:48.33,34:59:08.05,49.743796,-6.739831,41886.0,174630.29618775818,90
281105857,281105857,eastbound,A332,KSLC,EGLL,29:37:48.32,33:55:18.66,48.96882,-52.41401,40328.0,193717.03705283866,60
281106514,281106514,eastbound,B744,KIAD,EDDF,29:41:03.47,34:27:29.15,46.236861,-52.375547,37626.0,290769.5101089788,90
281106391,281106391,eastbound,B772,KCLT,EGLL,29:41:05.41,35:33:09.81,41.142545,-67.908718,38020.0,226753.7656149392,107
281106671,281106671,eastbound,B772,KJFK,EGLL,29:42:02.64,33:55:28.89,46.850591,-51.875315,39244.0,214689.5017232049,79
281106187,281106187,eastbound,B77L,MMMX,LEBL,29:42:03.34,35:44:45.69,40.870785,-67.99458,39238.0,249768.74329212727,75
281108102,281108102,westbound,B763,BIKF,KJFK,29:45:00.00,33:27:42.92,63.916667,-27.160278,37587.0,151285.8,61
281106741,281106741,eastbound,B764,KJFK,LFPG,29:49:36.42,34:34:56.55,45.533018,-52.118896,34264.0,170665.98274722692,86
281106563,281106563,eastbound,B772,KIAD,EDDF,29:50:12.72,34:43:53.50,46.333481,-51.939233,38775.0,219952.58171849014,91
281090308,281090308,eastbound,B748,KLAX,EDDF,29:50:50.42,34:42:47.03,46.277975,-53.017495,38290.0,359842.37335381703,58
281090445,281090445,eastbound,B77L,KOAK,EBLG,29:52:40.35,34:29:12.84,49.9213,-53.864626,42492.0,231755.8822750828,59
281106597,281106597,eastbound,A35K,KIAD,EGLL,29:53:03.19,34:15:43.59,46.292044,-51.893436,38893.0,251394.52642491355,80
281105906,281105906,eastbound,A345,KIAD,LIPZ,29:53:36.57,34:40:43.40,45.781853,-52.471921,39080.0,280508.9171925133,82
281106381,281106381,eastbound,B77W,KJFK,LFPG,29:55:14.31,34:28:14.23,45.992573,-52.359022,38609.0,266262.0556151243,86
281106571,281106571,eastbound,B772,CYYZ,EGLL,29:56:37.32,34:04:21.89,48.077436,-52.259404,39489.0,213739.79969950134,75
281090320,281090320,eastbound,B77W,KSFO,LFPG,29:59:08.19,34:26:10.42,47.897792,-52.317213,39608.0,260886.78814264323,56
281106578,281106578,eastbound,A333,KJFK,LFPG,29:59:13.00,34:50:07.64,45.970994,-52.040149,38626.0,190210.0783955268,86
281106205,281106205,eastbound,B772,KIAD,EBBR,30:00:02.40,34:38:21.68,46.209887,-52.271971,38892.0,217299.79834727125,88
281106767,281106767,westbound,B789,LIRF,KORD,30:05:40.82,35:07:41.26,50.221485,-6.633385,40269.0,201391.1998917087,76
281090463,281090463,eastbound,B789,KLAS,EHAM,30:05:44.62,34:43:02.00,47.596356,-52.571483,40955.0,175339.8687484429,60
281106946,281106946,eastbound,B764,KJFK,EGLL,30:07:37.31,34:37:00.21,45.557205,-52.245,34278.0,169141.04095449037,81
281105875,281105875,eastbound,B788,KORD,EHAM,30:08:21.41,34:40:04.59,49.253467,-52.444744,42332.0,163054.60396086282,79
281106732,281106732,eastbound,B772,KJFK,EPWA,30:09:59.43,35:10:00.62,46.914502,-52.432903,38635.0,224992.34022424405,87
281106533,281106533,eastbound,A333,KORD,EIDW,30:14:51.64,34:09:43.93,48.444071,-52.46318,39342.0,185763.52391661418,66
281106052,281106052,eastbound,B772,SEGU,EHAM,30:18:30.34,36:22:39.90,37.487344,-63.173121,38744.0,223879.32303992822,69
281106989,281106989,eastbound,B772,KJFK,EGLL,30:20:27.78,34:33:09.80,46.384681,-51.935363,39106.0,214847.4760570829,79
281106643,281106643,eastbound,B772,MMUN,LFPG,30:20:34.42,36:36:17.06,39.46221,-68.296123,38394.0,229102.81289627685,90
281106577,281106577,eastbound,B789,KDFW,EGLL,30:21:52.60,36:28:45.39,41.29841,-68.452383,38544.0,191908.14234945577,89
281106367,281106367,eastbound,B789,CYYC,LFPG,30:22:45.44,35:04:03.10,55.445151,-58.877617,41192.0,184125.06539198617,72
281105986,281105986,eastbound,B764,KATL,EDDM,30:23:44.79,35:33:07.65,45.660639,-52.519429,34135.0,174303.9452065906,78
281106746,281106746,eastbound,B788,CYYZ,EPWA,30:25:58.42,35:25:08.71,49.475733,-52.371013,41842.0,170902.17827377396,82
281106583,281106583,eastbound,B763,KORD,EGLL,30:28:35.05,34:49:22.48,47.986331,-52.113908,40065.0,151901.6370089529,76
281090325,281090325,eastbound,A35K,KLAX,EGLL,30:29:46.36,34:56:00.42,46.169819,-52.175943,38807.0,257017.7245392706,55
281105918,281105918,eastbound,B77W,KLAX,LFPG,30:42:36.59,35:18:41.38,45.792385,-52.890347,38917.0,262666.58443021507,59
281106889,281106889,eastbound,A359,KATL,LFPG,30:42:53.64,37:05:50.08,41.269383,-67.819028,38415.0,230971.1222257242,104
281106603,281106603,eastbound,B763,KIAD,EGLL,30:45:09.97,35:09:42.65,46.634186,-51.813742,39283.0,152043.64154014483,81
281106311,281106311,eastbound,B764,KATL,EGLL,30:48:32.34,35:18:48.06,45.855765,-52.244513,34296.0,170788.3067297199,80
281106441,281106441,eastbound,A343,MROC,EDDF,30:48:41.36,37:58:45.53,37.834627,-68.852051,36964.0,225865.42726994105,80
281107094,281107094,eastbound,B789,KJFK,EGLL,30:49:26.73,35:07:12.00,46.307887,-51.923009,40140.0,187164.5793323052,79
281105979,281105979,eastbound,B789,KLAS,EGKK,30:51:00.07,35:15:40.19,46.334558,-52.674548,40526.0,174211.7894821638,58
281106361,281106361,eastbound,B764,KATL,EGLL,30:51:34.18,35:16:45.09,46.651158,-51.757981,34881.0,170463.56201570685,79
281105963,281105963,eastbound,B789,KSFO,EGLL,30:56:20.40,35:12:15.11,48.314622,-52.341703,41326.0,172095.09580986813,54
281106918,281106918,westbound,A359,LIRF,CYYZ,30:57:05.78,35:28:02.77,52.95213,-13.910228,39839.0,228492.02581963342,74
281107379,281107379,eastbound,B744,KDOV,ETAR,30:57:35.35,35:43:50.30,46.141326,-51.719755,38431.0,289959.1128169571,90
281106818,281106818,eastbound,B772,KIAD,EGLL,31:00:46.53,35:23:27.11,45.653141,-52.706045,38758.0,214899.48975768863,82
281106397,281106397,eastbound,A359,MROC,LFPG,31:06:15.61,37:49:55.34,37.671645,-68.936999,39007.0,236102.6355170919,81
281106775,281106775,eastbound,B772,KORD,EGLL,31:06:44.98,35:20:57.35,46.382461,-52.205346,39200.0,211600.34564138207,76
281107194,281107194,eastbound,B77W,KEWR,LGAV,31:09:40.13,35:48:57.54,45.155146,-52.4328,35983.0,285410.6003353624,69
281106040,281106040,eastbound,A333,KSLC,EHAM,31:15:03.67,36:00:35.13,48.871037,-52.453047,40390.0,177892.8588914532,62
281106729,281106729,eastbound,B789,KEWR,EPWA,31:19:05.36,36:24:24.71,47.089091,-51.94215,40385.0,194299.45578489482,88
281106098,281106098,eastbound,A332,KSFO,EIDW,31:40:24.69,35:27:32.08,49.348628,-52.723574,40786.0,190363.12798664972,50
281106149,281106149,eastbound,B77W,KLAX,EGLL,31:46:05.28,36:06:10.74,46.050397,-52.890298,39005.0,259819.54992481595,57
281108641,281108641,westbound,B744,EHAM,KORD,31:47:38.23,36:02:01.84,58.210161,-7.829394,38273.0,302117.3759110464,74
281106132,281106132,eastbound,B772,KSFO,EGLL,31:48:40.84,35:56:26.62,48.989107,-52.304888,39646.0,205923.34696632202,54
281106831,281106831,eastbound,B789,KORD,EPWA,31:49:39.04,36:47:40.94,48.642252,-52.217352,40653.0,190000.12604281682,74
281106044,281106044,eastbound,A333,KATL,EHAM,31:49:53.75,36:45:49.30,46.151847,-52.366543,39245.0,184735.97004104374,82
281106846,281106846,eastbound,B789,KORD,EGLL,31:53:55.62,36:07:23.59,47.499315,-52.030437,41133.0,183018.61414465148,76
281106482,281106482,eastbound,B78X,KSEA,EGLL,31:57:32.57,36:10:07.68,54.47553,-57.014744,40998.0,208581.38677938678,61
281106922,281106922,eastbound,B789,CYYC,EGLL,32:04:22.61,36:21:45.83,56.071785,-58.870434,41332.0,182662.2949172727,70
281106141,281106141,eastbound,A388,KSFO,EGLL,32:04:44.88,36:17:07.32,46.200999,-52.100938,39229.0,469234.16334756627,54
281108435,281108435,westbound,A333,LIMC,KCVG,32:04:50.41,36:39:02.73,53.765413,-12.766607,39030.0,190544.03196414746,70
281107745,281107745,eastbound,B789,CYYZ,LIMC,32:06:13.60,37:02:57.07,46.052615,-52.256214,39100.0,189936.43374985427,85
281110315,281110315,westbound,A333,EGLL,KJFK,32:08:16.31,37:34:19.83,53.948351,-9.200369,38247.0,195482.32242749265,91
281106608,281106608,eastbound,B772,KATL,EGLL,32:14:00.17,36:28:23.39,45.967851,-51.838983,38582.0,213684.18897156563,78
281106240,281106240,eastbound,B77W,KLAX,EGLL,32:24:36.28,36:41:45.73,45.822823,-52.805231,38850.0,258845.25789486984,56
281106182,281106182,eastbound,A359,KLAX,EKCH,32:27:48.11,37:41:15.57,46.659444,-52.328469,40049.0,226644.92296049272,61
281110588,281110588,westbound,B77L,EBLG,KIND,32:43:29.64,37:21:30.31,55.324509,-7.786199,41752.0,250672.80050793168,79
281107043,281107043,eastbound,B789,SKBO,EDDF,32:43:51.79,39:16:05.00,34.474129,-60.942423,40430.0,193285.6097813199,77
281106994,281106994,eastbound,B772,KCLT,EGLL,32:48:11.42,37:11:09.07,45.789141,-52.710974,38438.0,214992.75849425938,83
281111065,281111065,westbound,B763,EGLL,KEWR,32:57:17.75,38:13:59.85,55.237517,-8.353288,40011.0,157024.9391330678,87
281112584,281112584,westbound,B789,EIDW,CYYZ,32:58:00.00,37:40:56.46,54.9875,-9.003056,40756.0,199548.9,82
281106304,281106304,eastbound,A35K,KSAN,EGLL,32:59:10.56,37:29:31.40,45.785616,-52.574587,38581.0,257873.21733855206,56
281111563,281111563,westbound,A333,EGLL,KBOS,32:59:49.08,38:33:09.14,53.980961,-8.829845,38240.0,195518.22196679443,87
281111686,281111686,eastbound,GLEX,CYYT,ENBR,33:07:00.00,37:11:08.01,49.409722,-48.434167,47760.0,31035.3,72
281111516,281111516,westbound,B77W,EGLL,KJFK,33:08:56.54,38:18:24.77,54.055151,-8.838627,39744.0,274129.42578752205,88
281111365,281111365,westbound,B77L,EBLG,KMEM,33:09:05.38,37:34:08.78,55.751568,-8.857401,41398.0,254978.38300473828,68
281111922,281111922,westbound,B772,EGLL,KJFK,33:10:07.43,38:30:31.49,54.05704,-8.924455,38986.0,226581.15838681912,91
281111300,281111300,westbound,B772,EHAM,KEWR,33:10:45.10,38:15:43.20,56.144016,-7.896123,39002.0,225953.75905830626,89
281107201,281107201,eastbound,B789,MMMX,LFPG,33:11:35.54,39:33:38.53,41.012945,-68.042809,38817.0,192677.34771349642,81
281110931,281110931,westbound,B748,EDDK,KSDF,33:11:55.63,37:40:08.70,57.031854,-7.640815,36692.0,386019.4215459033,75
281110172,281110172,westbound,B77W,EDDF,KJFK,33:12:12.70,38:28:42.48,56.287413,-8.015074,39736.0,274412.9506199711,92
281112367,281112367,westbound,B764,EIDW,KEWR,33:14:00.00,38:29:04.14,54.995556,-9.986389,35836.0,173591.8,85
281111313,281111313,westbound,B763,LSGG,KEWR,33:14:28.60,38:56:42.57,49.987673,-6.138184,39845.0,159298.9937923075,95
281112745,281112745,eastbound,A333,BIKF,GCTS,33:16:00.00,37:29:29.29,61.631111,-20.054722,38365.0,193402.6,71
281112238,281112238,eastbound,A333,BIKF,GCLP,33:18:00.00,37:27:24.85,61.605555,-20.037222,38349.0,193553.3,70
281107181,281107181,eastbound,B789,MMMX,EHAM,33:18:07.90,39:47:16.20,40.823339,-68.538367,38869.0,192246.44413502066,81
281112923,281112923,eastbound,A333,BIKF,GCFV,33:21:00.00,37:29:17.33,61.768055,-20.147778,38378.0,193280.0,70
281110919,281110919,westbound,A339,LFPG,KATL,33:23:31.75,38:18:26.64,55.265479,-7.792821,38909.0,212222.35560777842,75
281111827,281111827,westbound,B788,GMMN,CYUL,33:24:48.82,39:01:16.83,39.099604,-13.768351,42066.0,175209.94546576607,93
281107288,281107288,eastbound,B789,MMMX,EGLL,33:25:03.50,39:27:57.57,41.055608,-67.887385,38910.0,190821.53027316544,79
281111479,281111479,westbound,B77W,EGLL,KDFW,33:25:35.32,37:33:10.84,57.432047,-9.073102,38433.0,290986.25471784844,59
281112391,281112391,westbound,GLEX,EGCC,TAPA,33:26:39.93,39:05:19.71,51.663203,-10.186517,45819.0,34962.32979305034,99
281112180,281112180,westbound,A332,EGLL,KBOS,33:30:17.64,38:59:06.13,55.408714,-8.152911,39851.0,194427.2306890393,88
281111559,281111559,westbound,B772,LFPG,KEWR,33:31:11.55,38:41:59.22,55.01568,-8.158587,39064.0,225050.93278485126,89
281106693,281106693,eastbound,A35K,KPHX,EGLL,33:39:09.10,38:12:00.03,45.693839,-52.868078,38110.0,257497.48847615987,59
281112310,281112310,westbound,A35K,EGLL,KJFK,33:40:17.28,39:01:43.39,54.004657,-8.930747,38752.0,255585.82410877538,91
281113076,281113076,westbound,B752,EGPH,KEWR,33:43:00.53,39:11:19.99,56.911349,-8.293999,37987.0,96070.07195319947,83
281111764,281111764,westbound,A35K,EGLL,KAUS,33:43:18.79,37:53:31.57,57.180912,-8.65883,37533.0,272683.64986675617,57
281113162,281113162,westbound,A333,LPFR,CYYZ,33:44:14.24,39:35:08.74,39.233954,-13.654193,38193.0,195750.3772613875,97
281106617,281106617,eastbound,B77W,SPJC,LFPG,33:47:20.70,39:55:10.43,33.094854,-60.948477,39592.0,277131.80695957365,65
281112729,281112729,westbound,B763,EGLL,KEWR,33:53:43.82,39:08:08.76,55.625299,-8.286296,39908.0,157059.05249291335,85
281106591,281106591,eastbound,B77W,KLAX,LSZH,33:54:34.84,38:47:08.11,45.581205,-53.305423,37848.0,265245.31938190275,55
281111211,281111211,westbound,A333,EHAM,KSLC,33:57:03.72,38:12:47.37,58.136997,-8.259266,38513.0,193721.13482514134,58
281112561,281112561,westbound,B764,LEMD,KJFK,34:00:47.25,39:47:21.99,41.872229,-14.009931,32802.0,174475.01406333534,94
281111970,281111970,westbound,A333,EHAM,KIAH,34:02:22.66,38:17:42.45,58.799141,-8.856177,38549.0,193446.40905747886,54
281106653,281106653,eastbound,B77W,KSFO,LSZH,34:02:50.99,38:49:17.87,45.899839,-52.260346,37841.0,262747.5738831829,53
281111991,281111991,westbound,B78X,EHAM,KLAX,34:03:27.06,37:59:53.82,58.637433,-8.356434,38454.0,223052.20190566502,51
281110873,281110873,westbound,A339,EHAM,KJFK,34:07:53.73,39:19:22.43,57.196481,-8.332242,39621.0,204587.359876081,86
281112558,281112558,westbound,A333,EBBR,CYUL,34:07:58.73,39:04:10.45,56.105752,-8.365049,38506.0,193825.96077058598,82
281111723,281111723,westbound,GLEX,LSGG,KBOS,34:08:02.79,39:21:24.89,53.650085,-11.004498,46982.0,31743.755766718044,86
281106724,281106724,eastbound,A332,KLAS,EIDW,34:14:15.58,38:14:23.64,45.95523,-52.337119,38877.0,191299.4515506732,52
281113078,281113078,westbound,A359,LFPG,KIAH,34:17:00.51,40:04:18.02,50.764498,-6.551184,38260.0,241887.144408148,79
281113186,281113186,westbound,A332,LFPG,CYUL,34:22:33.85,39:38:12.28,54.958462,-7.932385,39853.0,195056.4465347193,85
281112713,281112713,westbound,B78X,EBBR,KORD,34:23:03.46,38:46:28.48,56.762568,-8.508684,39133.0,222729.37962098682,76
281113207,281113207,westbound,A332,LEMG,CYUL,34:24:20.67,40:08:51.72,41.864336,-12.258552,39669.0,196615.34183989273,92
281112733,281112733,westbound,A339,EGLL,KMSP,34:24:22.75,38:52:51.12,56.426703,-8.220779,39120.0,209429.819751558,75
281112038,281112038,westbound,A333,EDDF,CYUL,34:25:10.90,39:37:05.92,57.984338,-8.180428,38749.0,192199.16640252873,83
281113411,281113411,westbound,A333,LPPT,CYYZ,34:27:27.42,40:01:01.01,41.796566,-12.528624,38098.0,196375.45675713237,92
281112302,281112302,westbound,B764,EDDB,KEWR,34:27:33.01,39:48:25.08,60.404524,-3.834919,32903.0,176408.33384781296,88
281112752,281112752,westbound,B78X,EHAM,KATL,34:29:16.12,38:53:41.86,58.836438,-7.596341,38648.0,222805.4254024904,68
281113545,281113545,westbound,A333,ENGM,KEWR,34:31:08.76,40:00:19.62,62.538891,2.553881,38147.0,196022.00257528032,91
281113321,281113321,westbound,B772,EGLL,KJFK,34:31:24.14,39:45:41.16,53.893562,-8.087526,38987.0,226159.33837328135,89
281112982,281112982,westbound,B772,EGLL,KIAH,34:33:00.35,38:41:53.10,57.089697,-8.651081,37925.0,241121.76354730345,57
281113502,281113502,westbound,A333,ESSA,KEWR,34:36:09.39,40:17:03.79,63.043789,6.399479,38285.0,195157.54217167423,94
281112129,281112129,westbound,A339,EDDF,MMUN,34:37:50.08,40:38:24.35,48.54508,-7.067607,38160.0,220977.21330570086,69
281112916,281112916,westbound,B744,EHAM,KMIA,34:39:19.04,40:36:14.45,51.449548,-8.066442,37396.0,311509.79456922086,79
281113189,281113189,westbound,A333,LFPO,KEWR,34:40:29.50,39:50:31.62,53.793828,-10.965891,38576.0,193448.81008577548,85
281111335,281111335,eastbound,B744,KMCO,LFOK,34:40:36.12,40:57:43.06,40.918887,-67.710662,37804.0,303371.9893105723,101
281112640,281112640,westbound,A333,EDDF,CYYZ,34:41:14.07,39:27:07.15,58.024147,-7.823029,38741.0,192256.51883221947,79
281112091,281112091,westbound,B772,LIMC,KEWR,34:41:33.05,39:31:30.93,53.829956,-12.124478,39163.0,223145.19546832074,85
281113364,281113364,westbound,A339,LPPT,KSFO,34:41:39.59,39:59:27.52,40.976674,-13.799648,37658.0,224297.67510381018,69
281114080,281114080,westbound,B77W,EGLL,KCLT,34:41:57.32,39:38:10.16,54.047579,-8.181582,39049.0,282921.655249188,82
281113033,281113033,westbound,B77W,EGLL,KDFW,34:42:31.63,38:54:09.83,57.02807,-8.497994,38505.0,291498.1829740092,60
281107037,281107037,eastbound,A339,KMCO,EGLL,34:42:49.77,41:01:27.29,40.510134,-68.13267,38797.0,207868.459688576,99
281110565,281110565,westbound,A332,LROP,KJFK,34:42:56.67,40:05:05.68,55.559909,-8.923313,39672.0,201217.12226047946,81
281113930,281113930,westbound,B763,EGLL,KEWR,34:43:34.95,40:00:18.29,55.712325,-7.886753,39684.0,157064.76335074898,85
281112930,281112930,westbound,A339,LFPG,KSEA,34:44:57.96,39:05:07.20,55.811616,-9.170989,38396.0,217987.28237968395,61
281108638,281108638,eastbound,A359,KATL,LIRF,34:46:01.10,39:36:22.35,45.673608,-52.289813,38038.0,231737.69173423413,69
281113975,281113975,westbound,B764,LPPT,KJFK,34:48:17.97,40:44:39.30,40.1212,-14.204332,31958.0,174457.25888927132,94
281113860,281113860,westbound,B764,LEBL,KEWR,34:49:20.53,40:45:51.26,45.877084,-6.594719,34747.0,177298.27034074403,99
281109667,281109667,eastbound,B77L,MMMY,EDDF,34:49:44.07,41:20:43.29,41.068637,-68.005205,39001.0,248265.3760963443,82
281113462,281113462,westbound,B772,LEMD,KCLT,34:50:54.35,40:18:46.73,41.540545,-14.066401,38583.0,231812.1980777614,90
281113490,281113490,westbound,B789,LFPG,CYUL,34:52:16.84,40:00:31.31,54.736408,-8.134658,41011.0,194639.85796528423,85
281111480,281111480,westbound,A332,DTTA,CYUL,34:52:25.56,40:24:15.03,49.854055,-6.480887,39739.0,198906.01239831938,90
281112861,281112861,westbound,A339,EHAM,KSEA,34:54:34.14,39:04:06.58,58.270776,-8.384562,38489.0,216810.24508823425,60
281114189,281114189,westbound,A332,EGLL,KJFK,34:57:00.52,40:14:43.29,55.554118,-8.083359,39655.0,196421.67651237716,88
281113096,281113096,westbound,A332,DAAG,CYUL,34:57:13.07,40:51:25.33,45.764197,-6.627332,39574.0,198621.3266926141,97
281114957,281114957,westbound,B764,EIDW,KJFK,34:58:00.00,40:34:02.75,54.385,-9.531111,36759.0,173457.8,90
281112509,281112509,westbound,A333,LSZH,KJFK,35:00:17.56,40:26:30.89,54.16372,-8.781434,38792.0,192025.09239027044,91
281113386,281113386,westbound,A333,EHAM,KDTW,35:00:30.68,39:45:13.85,58.028978,-7.97313,38505.0,193799.958961591,77
281113212,281113212,westbound,B764,LIRF,KEWR,35:01:12.58,41:26:56.22,45.131766,-6.771688,34063.0,178868.34857565482,101
281114245,281114245,westbound,B764,LEMD,KEWR,35:01:14.80,40:46:41.55,44.465668,-10.584107,34689.0,175656.65760517138,94
281113563,281113563,westbound,A333,EHAM,KATL,35:02:31.07,39:44:15.54,57.926133,-7.712805,38484.0,193927.41094328926,69
281106676,281106676,eastbound,B764,KATL,EGLL,35:03:08.34,39:31:30.87,46.448633,-52.167331,35017.0,170744.4814375945,79
281114065,281114065,westbound,B772,EGLL,KSFO,35:03:12.32,39:05:32.91,57.144765,-8.8417,37459.0,247676.81684496088,55
281113428,281113428,westbound,A332,EDDF,KDTW,35:04:02.52,39:43:30.80,57.890432,-8.237835,39384.0,200811.34860531738,77
281113788,281113788,westbound,B77W,EGLL,KLAX,35:05:28.69,39:07:04.06,57.270432,-8.517343,37811.0,301976.7065008819,53
281107251,281107251,eastbound,B748,MMMX,EDDF,35:06:44.92,39:55:57.41,45.998031,-52.110157,37579.0,364877.7142755505,63
281113099,281113099,westbound,A333,LFPG,KMSP,35:06:48.79,39:41:29.15,55.477095,-8.162502,38505.0,193827.065935754,75
281113569,281113569,westbound,A333,EDDF,MMUN,35:06:58.60,41:21:28.58,49.173774,-6.252831,38659.0,192981.8216793834,68
281107121,281107121,eastbound,B77W,KSFO,EGLL,35:07:36.07,39:28:28.21,45.869037,-53.045163,37397.0,257285.4598196357,55
281113913,281113913,westbound,A359,LFPG,KJFK,35:10:35.08,40:32:16.25,54.531788,-8.320292,39755.0,225736.92949387815,91
281114254,281114254,westbound,B788,EGLL,KPHL,35:11:13.99,40:25:26.86,53.931637,-9.148289,41970.0,176993.9822676628,88
281114303,281114303,westbound,B788,EGCC,MMUN,35:11:51.63,40:50:50.44,51.365078,-11.736623,40870.0,188016.68698072937,75
281114758,281114758,westbound,B772,EGLL,KBOS,35:12:25.57,40:38:00.33,54.062294,-8.737418,39208.0,223440.9838653553,88
281114022,281114022,westbound,B788,EBBR,MMUN,35:15:02.08,41:14:03.76,49.355556,-7.024727,40693.0,189519.43078830204,75
281114027,281114027,westbound,A359,LFPG,KATL,35:15:09.77,41:26:54.37,49.302765,-6.951761,38932.0,234654.27889824533,89
281114093,281114093,westbound,A388,EGLL,KMIA,35:17:04.95,41:15:57.04,51.590537,-7.647871,38400.0,470392.08232775,86
281113796,281113796,westbound,B763,EHAM,KIAD,35:17:50.99,40:27:40.84,57.453288,-7.92458,38931.0,159390.10121885367,83
281114427,281114427,westbound,B788,EGBB,MMUN,35:20:09.70,41:03:07.32,51.44923,-10.99994,40927.0,186994.65840853963,74
281112925,281112925,westbound,B763,EHAM,KIAH,35:20:48.73,39:27:37.14,60.311177,-8.593965,36800.0,168671.55189441022,52
281112524,281112524,westbound,F900,LFMN,KBGR,35:21:34.57,40:19:32.73,53.504633,-12.454703,38187.0,12415.647390068429,64
281113469,281113469,westbound,B77W,LFPG,KJFK,35:21:38.51,40:42:44.06,54.684459,-8.509045,39709.0,274563.42825818446,91
281113564,281113564,westbound,A339,EHAM,KJFK,35:21:57.28,40:47:19.22,57.207458,-8.40659,39619.0,204583.26552615766,90
281114282,281114282,westbound,B78X,EBBR,KEWR,35:21:57.61,40:31:16.02,55.70011,-8.262815,39287.0,223132.24679896067,88
281107277,281107277,eastbound,A35K,KLAS,EGLL,35:23:24.83,39:57:56.39,45.750407,-53.035543,37746.0,256535.05565467937,58
281114079,281114079,westbound,B788,LFPG,KDFW,35:24:50.24,39:43:33.04,55.525385,-8.768728,40993.0,185808.39382434203,61
281114743,281114743,westbound,A333,LEMD,KORD,35:25:51.67,40:53:48.75,44.061087,-9.019424,38206.0,195691.1526116913,93
281114382,281114382,westbound,A339,EHAM,KBOS,35:27:53.51,40:54:35.57,57.082458,-8.286401,39791.0,202749.23163186546,87
281114229,281114229,westbound,B744,EDFH,KIAH,35:28:19.53,41:36:44.15,49.381735,-6.061738,37067.0,322131.437006207,75
281112955,281112955,westbound,B763,LSZH,KEWR,35:28:50.82,40:40:36.80,56.623427,-8.376732,39751.0,157554.70797848247,85
281114455,281114455,westbound,B788,LFPG,KJFK,35:29:14.62,40:47:26.11,54.501456,-7.969841,42050.0,175169.58990082063,90
281113161,281113161,westbound,A343,EDDF,KDTW,35:29:55.53,40:11:51.13,58.863296,-8.042763,37690.0,214346.8616233675,75
281114413,281114413,westbound,B763,EGLL,KORD,35:31:14.91,40:04:59.29,57.013835,-8.150734,39043.0,161262.19426499534,75
281115525,281115525,westbound,A333,EIDW,KJFK,35:35:00.00,41:05:09.90,54.368334,-9.410833,37948.0,197329.4,90
281114334,281114334,westbound,A333,LFPG,KJFK,35:36:31.05,41:02:57.17,53.790372,-10.225908,38544.0,193640.6240663304,89
281114872,281114872,westbound,A332,EGLL,KSLC,35:37:22.07,39:50:43.37,56.570957,-8.448213,38257.0,210873.13677249514,61
281113191,281113191,eastbound,B763,KEWR,LFPG,35:38:32.71,40:25:06.45,45.960191,-52.387803,37165.0,153492.53638506937,86
281112968,281112968,westbound,B772,EDDM,KCLT,35:39:46.19,40:17:23.53,58.189276,-8.883732,38656.0,229982.8432806122,70
281111891,281111891,eastbound,B748,KSDF,EDDK,35:39:51.40,40:23:21.75,46.150845,-51.885,37006.0,373994.9230409475,88
281114836,281114836,westbound,B789,LFPG,KIAD,35:42:09.48,40:44:01.39,55.135301,-7.982114,40673.0,198492.6676962619,85
281114987,281114987,westbound,B772,EGLL,KEWR,35:43:02.73,40:35:35.01,56.018949,-8.034561,39081.0,225088.7786246954,83
281114842,281114842,westbound,A388,EGLL,KDFW,35:44:12.94,39:51:04.86,56.829715,-8.484164,38167.0,477207.12193793117,60
281116075,281116075,westbound,A333,EIDW,KBOS,35:46:00.00,41:13:14.72,54.466667,-10.116667,37947.0,197329.4,86
281114764,281114764,westbound,B744,EBLG,KJFK,35:46:26.33,41:01:59.85,56.205759,-8.005685,38730.0,294188.0032134502,91
281113248,281113248,westbound,B763,LOWW,KEWR,35:46:42.78,40:56:07.97,59.117696,-7.622256,38956.0,158746.38003319877,81
281114175,281114175,westbound,B789,EDDF,KDEN,35:47:41.39,39:48:59.41,58.286383,-9.049731,39903.0,206339.79268635396,59
281113719,281113719,westbound,A333,LFPG,KDTW,35:49:30.55,40:42:06.75,55.541486,-8.133871,38517.0,193772.3574811145,80
281113343,281113343,westbound,A339,LIRF,KJFK,35:50:05.46,41:39:53.39,44.162684,-11.427888,39617.0,206864.165963402,94
281114602,281114602,westbound,B764,LFPG,KJFK,35:50:14.82,41:28:25.81,55.920439,-7.89537,36324.0,174373.57522855568,91
281113656,281113656,westbound,A346,EDDF,KORD,35:50:17.64,40:11:19.18,58.819684,-7.556232,38852.0,290305.0880002482,72
281115106,281115106,westbound,B788,EHAM,CYYZ,35:51:13.97,40:27:36.21,57.353067,-7.922243,41973.0,175885.43761232775,79
281115277,281115277,westbound,B788,LPPT,CYYZ,35:52:30.83,41:10:32.62,41.459621,-14.308801,41889.0,177986.48785747334,90
281115588,281115588,westbound,A333,LEMD,CYUL,35:54:36.76,41:44:49.27,44.287011,-9.204006,38212.0,195644.80366516046,93
281115840,281115840,westbound,A339,EGCC,KMCO,35:56:01.89,40:58:10.44,54.82414,-8.469648,38716.0,213038.56777422954,76
281114802,281114802,westbound,A333,EHAM,KMSP,35:56:51.96,40:19:25.88,58.201665,-8.086528,38519.0,193716.3258047884,72
281113565,281113565,westbound,A333,EDDF,KSTL,35:57:28.60,40:30:15.76,58.494039,-7.825317,38765.0,192112.41316906887,69
281115201,281115201,westbound,B772,EGLL,KORD,35:59:06.26,40:21:33.11,56.818149,-8.652193,38692.0,230473.5936389665,75
281114059,281114059,westbound,B78X,EDDF,KEWR,35:59:07.14,40:56:15.10,58.007694,-8.213723,39153.0,221383.15556553332,85
281115589,281115589,westbound,B788,LPPT,KPHL,35:59:08.30,41:22:50.87,39.837407,-14.092234,41915.0,178251.7211053458,95
281113141,281113141,eastbound,B744,KJFK,EBBR,35:59:14.31,40:37:36.97,46.097442,-52.274454,36701.0,286191.71864127286,87
281115105,281115105,westbound,B788,LFPG,KORD,36:01:49.60,40:34:15.57,55.159314,-8.028855,41636.0,179297.39732436292,79
281115743,281115743,westbound,B772,EGLL,KJFK,36:02:49.86,41:24:41.83,53.930064,-8.858068,39046.0,225718.30356110565,91
281115492,281115492,westbound,A333,EGLL,CYYZ,36:04:37.82,40:57:06.78,56.089017,-7.978651,38300.0,195154.50040919383,80
281113738,281113738,westbound,A346,EDDF,KJFK,36:04:49.19,40:55:55.64,58.991652,-8.314346,39126.0,282538.17260447296,82
281115798,281115798,westbound,A35K,EGLL,KATL,36:08:35.93,40:53:17.02,55.985354,-7.96364,38096.0,264629.3451942721,75
281113732,281113732,westbound,A346,EDDF,KBOS,36:09:44.21,41:32:20.81,57.472409,-7.779887,39391.0,280223.15891573875,87
281107850,281107850,eastbound,B772,KLAX,EGLL,36:12:08.99,40:38:53.97,45.794351,-52.838973,37843.0,205411.92990644884,56
281114939,281114939,westbound,A339,LFPG,KBOS,36:12:20.06,41:43:59.56,55.013946,-8.116543,39804.0,202652.93118542744,88
281114469,281114469,westbound,B78X,EDDM,KORD,36:15:20.59,40:41:57.06,57.76324,-7.618564,39464.0,220225.31418351276,72
281115833,281115833,westbound,A333,EKCH,KIAD,36:16:05.27,41:41:01.91,60.385212,1.864919,38200.0,194720.8655266042,88
281113479,281113479,westbound,B763,LOWW,KBOS,36:17:25.54,41:47:04.15,58.838671,-7.576835,39129.0,156855.16032044776,87
281114816,281114816,westbound,A332,EDDF,KATL,36:20:27.39,40:53:55.91,58.089519,-8.961909,38954.0,205365.1705320969,66
281116076,281116076,westbound,B789,EGLL,KDEN,36:20:55.12,40:26:08.45,56.817998,-8.518326,39898.0,207798.2949673548,64
281114568,281114568,westbound,B77W,EDDF,KIAD,36:21:50.74,41:12:06.05,58.073309,-8.374794,38941.0,276630.1760344811,82
281114970,281114970,westbound,A333,EDDF,KTPA,36:24:35.52,42:43:06.30,49.022147,-6.420082,38659.0,192996.6566060825,76
281115838,281115838,westbound,B789,EGLL,KBOS,36:28:07.90,41:50:10.89,55.400732,-8.075265,41009.0,195480.02658262313,88
281115456,281115456,westbound,B764,LEBL,KJFK,36:31:48.44,42:32:14.28,42.849361,-12.583126,33522.0,175486.67110645236,96
281113693,281113693,westbound,B789,LOWW,KORD,36:32:58.17,40:49:58.75,58.404349,-8.736201,40494.0,197786.6819212393,67
281114898,281114898,westbound,B763,LSZH,KIAD,36:33:01.64,41:51:03.57,54.232012,-7.967123,39819.0,160517.98196121128,87
281115574,281115574,westbound,A359,LFPG,MMMX,36:35:09.32,40:53:09.39,56.050988,-8.960186,37789.0,248185.42495723238,50
281116051,281116051,westbound,A333,LEMD,KBOS,36:39:46.92,42:28:28.67,42.089415,-13.851898,38382.0,194571.9666548267,92
281116184,281116184,westbound,A332,LEMD,KLAX,36:40:48.27,41:51:32.46,44.400436,-11.457374,38179.0,211623.11564975584,66
281117010,281117010,westbound,B772,EGKK,MMUN,36:42:19.89,42:46:26.80,51.285246,-7.047726,37615.0,244458.00714215633,77
281112905,281112905,eastbound,B77L,KIND,EGSS,36:43:24.54,41:12:24.34,46.159695,-51.871329,36878.0,230725.27879113695,78
281115880,281115880,westbound,A333,LEMD,KJFK,36:43:47.30,42:27:38.89,41.918914,-13.676927,38372.0,194633.80119775285,95
281116273,281116273,westbound,B789,EGLL,CYYZ,36:44:34.50,41:22:01.94,56.402859,-8.457672,40808.0,197553.88899044506,79
281116376,281116376,westbound,B772,EGLL,KCLT,36:44:47.78,41:41:56.56,54.149651,-8.577705,38565.0,232425.9240549081,82
281115234,281115234,westbound,A333,LSGG,KJFK,36:46:49.81,42:07:55.92,54.00654,-10.118039,38786.0,192060.44486781658,90
281117206,281117206,westbound,A333,EIDW,KIAD,36:51:00.00,41:57:46.27,54.439722,-10.002778,37948.0,197329.4,83
281115358,281115358,westbound,A339,LIRF,KJFK,36:51:18.07,42:25:07.24,50.457304,-6.354547,39478.0,207873.0013243245,93
281115053,281115053,westbound,A339,EDDF,CYYZ,36:51:54.22,41:32:15.39,58.891416,-8.076107,39603.0,205638.28089864147,78
281116652,281116652,westbound,B772,LEMD,KDFW,36:52:35.84,42:30:29.15,41.282742,-13.721854,37840.0,242299.81716962717,75
281115007,281115007,westbound,B77W,EDDM,CYYZ,36:53:29.57,41:26:41.21,58.002712,-8.112231,39137.0,275065.4817624961,79
281115044,281115044,westbound,A359,EDDM,KMIA,36:56:20.13,42:57:40.84,47.359179,-6.901933,38821.0,238174.90510608436,74
281116336,281116336,westbound,B772,LEMD,KJFK,36:56:24.64,42:27:20.29,41.836496,-13.908727,39049.0,225188.9668286909,94
281116756,281116756,westbound,B772,EGLL,KIAD,36:56:56.64,41:56:44.61,55.567304,-8.167629,38813.0,229009.66257620594,84
281116281,281116281,westbound,A339,EHAM,KMCO,36:58:20.71,41:46:31.67,57.857137,-8.370838,38796.0,213500.59398195258,69
281116736,281116736,westbound,B763,EGLL,KEWR,36:59:14.52,42:15:08.37,55.951784,-8.190771,39301.0,157075.95968306263,85
281116886,281116886,westbound,B78X,EGLL,KIAD,36:59:25.32,42:05:06.51,54.003403,-8.600598,39511.0,224708.71620262504,86
281116044,281116044,westbound,B78X,EHAM,KORD,36:59:55.73,41:15:32.86,58.515751,-7.969134,38897.0,222864.31528898753,73
281117047,281117047,westbound,A333,EIDW,KMIA,37:00:47.96,42:44:30.76,52.472837,-13.802082,38214.0,195633.2566752221,82
281116528,281116528,westbound,A333,EKCH,KEWR,37:01:40.73,42:26:39.38,60.513989,1.342429,38205.0,194559.9892063932,90
281116499,281116499,westbound,B772,EBBR,KIAD,37:02:13.28,42:01:34.59,55.92772,-8.057654,38853.0,228029.32287088505,84
281116527,281116527,westbound,A333,EKCH,KJFK,37:02:21.29,43:00:29.07,60.428816,0.641073,38259.0,194451.98505198443,98
281116339,281116339,westbound,B788,EHAM,KORD,37:04:59.56,41:21:17.04,58.355077,-7.935442,41629.0,179475.68383075387,74
281116045,281116045,westbound,A339,EHAM,KMSP,37:07:55.78,41:27:03.32,58.22844,-8.213151,39151.0,209670.50838515363,72
281115732,281115732,westbound,A359,LFPG,KEWR,37:08:22.77,42:19:45.58,55.034857,-8.233998,39767.0,225715.46491555113,88
281117100,281117100,westbound,A332,EGLL,KDTW,37:08:32.34,41:51:56.80,56.440563,-8.515634,39385.0,199382.87609059023,78
281117019,281117019,westbound,A333,EGLL,KJFK,37:08:38.33,42:42:01.70,53.994461,-8.744021,38247.0,195517.59596592272,91
281117615,281117615,westbound,B772,EGLL,CYHZ,37:10:28.69,41:52:55.92,54.836276,-8.343334,39547.0,218773.0633598515,82
281117008,281117008,westbound,A333,EKCH,KBOS,37:10:45.32,43:12:15.57,60.485063,0.879209,38263.0,194486.6171803961,96
281116526,281116526,westbound,A333,EHAM,KATL,37:12:14.56,41:53:48.56,57.918152,-7.662473,38485.0,193941.52781916372,69
281115600,281115600,westbound,A339,EDDF,MMUN,37:12:33.82,43:17:58.37,48.360694,-6.507992,38273.0,220236.12119882807,69
281118121,281118121,westbound,A333,EIDW,CYYZ,37:14:00.00,42:05:19.94,54.466667,-10.116667,37948.0,197329.4,80
281116630,281116630,westbound,A333,EGKK,CYYZ,37:14:59.46,42:08:07.31,56.445751,-8.388969,38364.0,194756.81397825264,81
281117007,281117007,westbound,A333,EKCH,KATL,37:17:18.29,42:20:48.67,60.482633,1.453085,38185.0,194587.80840385376,71
281116695,281116695,westbound,A332,EHAM,KIAD,37:20:36.66,42:24:55.80,57.396521,-8.089291,39429.0,199441.1077561854,83
281109418,281109418,eastbound,B789,KLAX,EGLL,37:20:55.13,41:54:15.21,45.612662,-52.50078,38644.0,172066.08577064303,55
281117359,281117359,westbound,B764,EGLL,KATL,37:22:06.43,42:06:28.76,57.961853,-8.180986,33229.0,180790.13126229047,71
281114490,281114490,eastbound,B744,KORD,ELLX,37:22:28.37,42:11:22.90,46.202475,-52.061919,36376.0,288032.0986076401,82
281117544,281117544,westbound,A35K,EGLL,KJFK,37:22:48.85,42:45:43.20,54.01799,-8.702471,38753.0,255615.8170567226,91
281117241,281117241,westbound,B772,EGKK,KTPA,37:23:32.65,43:29:37.65,51.613879,-6.546974,38170.0,237889.06659255733,82
281116467,281116467,westbound,B764,EDDM,KIAD,37:23:39.77,43:04:04.84,51.037485,-7.019655,25779.0,178578.3048823497,95
281117747,281117747,westbound,B789,EGLL,KIAD,37:25:31.04,42:30:05.30,53.888307,-8.802379,40642.0,199852.4072052511,86
281118152,281118152,westbound,A333,EIDW,KEWR,37:26:00.00,42:35:26.26,54.466667,-10.116667,37948.0,197329.4,84
281117686,281117686,westbound,A339,LPPT,KORD,37:27:41.72,43:15:40.42,39.842718,-13.627133,38914.0,210882.58082620584,97
281115643,281115643,westbound,A333,LIRF,CYUL,37:28:39.97,42:45:12.21,54.507257,-8.429408,39224.0,189299.53870683856,85
281116384,281116384,westbound,B78X,EDDF,KORD,37:28:48.79,41:52:48.19,58.01958,-8.284634,39159.0,221339.00419554295,73
281113225,281113225,eastbound,B77L,KIND,LFPG,37:31:33.01,42:15:21.90,45.993304,-52.216002,36977.0,233022.1387465461,81
281115883,281115883,westbound,B764,LIMC,KJFK,37:33:18.14,42:42:35.14,53.840466,-11.901029,35782.0,174953.92709536495,86
281113445,281113445,eastbound,B748,KSDF,EDDK,37:33:44.80,42:20:28.84,46.148982,-52.143159,36388.0,370547.55168286955,83
281117293,281117293,westbound,B788,LEBL,KPHL,37:37:43.11,43:04:54.28,42.89473,-12.490193,41931.0,175556.74403597327,97
281117514,281117514,westbound,A333,EHAM,KJFK,37:39:22.85,43:08:11.17,57.312206,-8.234026,38488.0,193919.54784117144,90
281113256,281113256,eastbound,B77L,KMEM,EDDK,37:42:25.17,42:41:23.97,45.828526,-52.454341,37622.0,235344.66055241975,78
281112995,281112995,eastbound,B77L,KMEM,LFPG,37:43:29.31,42:27:03.52,45.967776,-52.202827,37004.0,234661.52355177084,77
281117432,281117432,westbound,B78X,EHAM,CYYZ,37:43:42.15,42:12:34.72,59.077156,-8.051328,38677.0,222806.77392019512,77
281117707,281117707,westbound,B772,EGLL,KIAH,37:45:22.00,41:55:39.76,56.940561,-8.733432,37926.0,241241.9415181461,57
281116476,281116476,westbound,A333,LSZH,CYUL,37:46:36.48,43:01:36.43,54.654134,-8.450672,38803.0,191989.62744682594,85
281117440,281117440,westbound,A333,LFPG,KBOS,37:47:17.39,43:19:16.85,55.541767,-8.417931,38530.0,193719.72117912862,86
281117867,281117867,westbound,B77W,EGLL,CYVR,37:47:43.88,41:55:23.01,56.645804,-7.995406,38306.0,291531.64848876296,62
281117830,281117830,westbound,B78X,EGLL,KJFK,37:48:48.18,43:11:25.88,53.937035,-8.744816,39513.0,224684.1852372676,91
281116341,281116341,westbound,A333,EKCH,KMIA,37:50:28.50,43:40:20.89,51.67909,-12.255595,39027.0,190558.08906992475,71
281117611,281117611,westbound,B789,EGLL,MMMX,37:51:23.38,42:03:57.35,56.660313,-8.217823,39172.0,216313.96269130812,50
281114085,281114085,eastbound,A332,KCVG,EBBR,37:53:39.25,42:50:05.27,45.948535,-52.411178,37258.0,194745.49756987064,83
281117950,281117950,westbound,B789,EGKK,KJFK,37:55:24.50,43:10:50.08,54.031169,-9.176663,40840.0,197402.77387241757,89
281116436,281116436,westbound,A359,EDDM,KCLT,37:56:17.64,42:28:35.39,58.243334,-8.710686,39330.0,232595.58996955038,67
281117688,281117688,westbound,B78X,EHAM,KJFK,37:56:24.47,43:13:01.05,57.315422,-8.230129,39029.0,223095.41094976888,90
281118211,281118211,westbound,A35K,EGLL,KPHL,37:56:29.89,43:02:32.82,54.008269,-8.64855,38664.0,256791.61828174177,86
281117746,281117746,westbound,B772,LFPG,CYUL,37:58:27.79,43:05:48.69,55.390324,-8.179268,39269.0,222197.44710577602,84
281116882,281116882,westbound,B744,EDDF,KIAD,38:00:49.77,42:39:13.91,58.673307,-7.701739,38544.0,297948.6500134379,79
281117013,281117013,westbound,B77W,EDDF,KSFO,38:00:50.13,42:04:09.01,58.324897,-8.236192,37951.0,300675.4227598656,52
281117846,281117846,westbound,B744,EDFH,KGSP,38:02:11.80,42:38:37.09,57.000769,-8.048472,38105.0,305814.6523638493,73
281116388,281116388,westbound,A359,EDDM,KJFK,38:02:43.17,43:17:55.33,57.717766,-7.774632,39793.0,227078.79332382025,91
281118193,281118193,westbound,B788,EGLL,KBNA,38:04:25.20,42:38:35.78,56.216398,-8.032358,41465.0,181970.7977454612,77
281117277,281117277,westbound,B748,EDDF,KEWR,38:04:35.17,42:56:24.62,57.822981,-7.822071,37412.0,375013.947686918,85
281118559,281118559,westbound,B772,EGLL,KCLT,38:07:03.65,43:09:30.91,53.833637,-8.220691,38535.0,232909.05232808518,84
281117263,281117263,westbound,FA7X,LFLL,KHPN,38:07:11.14,43:18:56.64,53.466236,-12.413683,45857.0,19738.745078836266,86
281117077,281117077,westbound,A333,LSZH,KORD,38:08:17.03,42:57:37.67,53.96208,-8.130783,38773.0,192200.54535937833,78
281116912,281116912,westbound,A343,EDDF,CYYZ,38:09:58.34,42:50:50.37,59.443155,-8.170577,38023.0,211334.82017648467,77
281117579,281117579,westbound,B77W,LFPG,CYYZ,38:11:31.96,42:53:58.99,55.571662,-8.070261,39503.0,275216.2701658866,81
281114861,281114861,eastbound,B763,KSDF,EIDW,38:13:32.60,42:10:48.17,46.100398,-51.966931,36947.0,149879.0750705253,67
281119033,281119033,westbound,A333,EIDW,KSFO,38:15:00.00,42:39:19.25,54.444722,-9.226944,37942.0,197329.4,60
281119388,281119388,westbound,B788,EIDW,KPHL,38:16:00.00,43:32:14.13,54.375,-9.374167,41987.0,178114.4,89
281118129,281118129,westbound,A333,EHAM,KTPA,38:16:27.10,42:57:00.07,58.005559,-8.827721,38538.0,193611.89980424856,63
281117367,281117367,westbound,A332,EDDF,KMCO,38:18:20.05,42:57:57.63,58.616453,-8.898132,38844.0,206604.91813219085,63
281117062,281117062,westbound,B77L,LSZH,CYYZ,38:23:43.95,43:01:48.28,53.905714,-10.811696,42233.0,243441.69317045572,82
281118650,281118650,westbound,B772,EGKK,KMCO,38:25:29.74,44:27:16.95,51.347594,-7.682699,38272.0,236436.45259074477,84
281118473,281118473,westbound,B77W,EGLL,CYYC,38:25:34.45,42:29:32.58,56.961824,-8.470803,38309.0,286000.6347390028,67
281118326,281118326,westbound,B77W,LFPG,KJFK,38:27:15.17,43:49:53.71,55.357856,-8.149711,39686.0,273721.009429944,91
281117869,281117869,westbound,B77W,LFPG,CYUL,38:31:00.50,43:38:02.67,55.520443,-8.455824,39862.0,270687.1391737466,84
281117299,281117299,westbound,B764,LSZH,KJFK,38:31:33.41,44:04:37.92,54.330419,-8.295175,35677.0,175676.53565264694,92
281118681,281118681,westbound,B763,EGLL,KORD,38:32:27.70,43:05:17.91,56.933388,-8.617765,38681.0,160907.68009159976,74
281117609,281117609,westbound,A333,LSZH,KJFK,38:36:03.25,44:01:25.83,54.10425,-8.773489,38794.0,192038.9425211602,91
281120295,281120295,westbound,A333,EINN,KBOS,38:39:00.00,43:58:14.43,54.383611,-11.706389,37947.0,197329.4,84
281119274,281119274,westbound,A339,EGLL,KMIA,38:39:05.47,44:50:30.65,50.835052,-7.056773,38564.0,214774.52562138624,85
281118537,281118537,westbound,B764,LFPG,KJFK,38:40:15.09,44:17:56.73,55.720013,-7.921458,35096.0,174409.83764819716,91
281113976,281113976,eastbound,B77L,KMEM,EGSS,38:45:33.57,43:11:16.80,46.006677,-52.135477,37451.0,231029.12048445732,73
281117324,281117324,westbound,B772,LEBL,BIKF,38:47:14.40,40:18:15.15,54.248184,-8.70757,40940.0,197541.64740533518,29
281118512,281118512,westbound,B789,EHAM,MMMX,38:50:42.53,42:48:23.97,59.473381,-8.724943,39054.0,214845.6568244745,46
281119669,281119669,westbound,A333,EGCC,KJFK,38:51:12.88,44:25:40.43,54.721804,-8.281843,38096.0,196432.8570599756,91
281117932,281117932,westbound,B764,EDDM,KATL,38:53:11.84,43:33:16.29,59.519689,-7.95627,33277.0,180471.7228173579,64
281118797,281118797,westbound,A333,EHAM,KDTW,38:57:07.86,43:41:56.16,57.923962,-7.962157,38505.0,193823.73721417636,77
281118964,281118964,westbound,A359,LFPG,KRDU,38:58:19.36,43:55:29.94,55.505237,-8.284636,39401.0,229969.81685213876,83
281118754,281118754,westbound,B77W,LFPG,KIAD,39:00:07.59,43:59:23.89,55.646875,-8.38486,39437.0,276633.8232031679,84
281119532,281119532,westbound,B772,EGLL,KJFK,39:01:02.68,44:23:27.69,55.693765,-7.98941,39072.0,225304.9364142835,91
281116448,281116448,eastbound,B763,KJFK,EGNX,39:02:38.17,43:22:59.18,46.284895,-51.978073,36874.0,151094.51526182878,78
281119475,281119475,westbound,B789,EGLL,KORD,39:11:32.49,43:37:19.95,56.330152,-8.120943,40474.0,201450.38750553125,76
281120125,281120125,westbound,A333,EGCC,KJFK,39:12:11.21,44:46:01.08,54.727469,-8.325002,38097.0,196433.64830424465,91
281118828,281118828,westbound,B772,EGLL,KSFO,39:13:12.32,43:15:60.00,56.920904,-8.798961,37458.0,247835.6167851169,55
281120043,281120043,westbound,B764,EGLL,KATL,39:15:29.39,44:06:59.84,56.258009,-8.27203,34185.0,181372.31743229282,74
281119969,281119969,westbound,B77W,EGLL,CYYZ,39:17:15.46,43:55:30.40,56.349334,-8.372962,39315.0,274569.2727173078,79
281119914,281119914,westbound,A359,LFPG,KATL,39:20:50.95,45:39:45.15,49.330512,-6.634869,38916.0,234738.8361511542,97
281119212,281119212,westbound,A333,EHAM,KDTW,39:22:29.77,44:09:12.25,57.947119,-8.214102,38508.0,193801.30807490056,77
281120076,281120076,westbound,A333,EGLL,KBOS,39:24:57.15,44:57:53.14,56.028625,-8.072701,38309.0,195126.00476615707,87
281117752,281117752,westbound,B772,EDDF,CYHZ,39:27:44.20,44:08:41.83,56.666306,-7.76501,39561.0,217742.17104678872,82
281117981,281117981,eastbound,A339,KJFK,EGLL,39:30:25.97,44:01:57.06,46.345919,-52.156313,37408.0,198832.31838474146,79
281118092,281118092,eastbound,B772,KJFK,EGLL,39:30:32.40,43:53:59.83,46.624952,-51.897137,36203.0,214514.82663745715,79
281121041,281121041,westbound,A333,BIKF,KBWI,39:34:00.00,43:24:51.66,63.916667,-27.160278,36354.0,196102.2,63
281119199,281119199,westbound,B744,ELLX,KORD,39:34:42.60,43:53:46.43,57.345429,-7.983108,38288.0,302669.27886108425,75
281120327,281120327,westbound,B772,EGLL,KRDU,39:36:09.04,44:43:36.13,53.828751,-8.251869,38643.0,231410.41054958722,85
281118928,281118928,westbound,GLEX,LIRA,KTEB,39:36:18.65,44:53:38.31,50.298066,-7.134812,46408.0,32816.68554976941,92
281120048,281120048,westbound,A332,EHAM,CYUL,39:39:39.56,44:49:04.26,58.616682,-7.786286,39734.0,194714.1952856634,83
281121032,281121032,westbound,A332,EIDW,KLAX,39:39:54.13,43:51:03.23,56.081563,-8.609138,37879.0,213519.25888909155,56
281118434,281118434,eastbound,B763,KEWR,EGLL,39:40:49.29,44:10:42.45,46.536555,-52.193339,36697.0,151731.6329776493,80
281120438,281120438,westbound,A339,EGLL,KTPA,39:41:33.81,44:36:29.11,54.586369,-9.005439,38703.0,213771.16762382616,70
281118652,281118652,eastbound,A333,KJFK,EGLL,39:42:24.66,44:13:09.86,46.423401,-52.137861,37200.0,190121.9819090172,76
281118808,281118808,westbound,A332,EDDP,KCVG,39:44:15.34,44:14:10.53,59.67362,-8.85141,39091.0,202949.7202963661,68
281114159,281114159,eastbound,B748,MMSM,ELLX,39:49:21.38,44:37:24.25,46.083418,-52.663139,36866.0,365398.1585077053,64
281117171,281117171,eastbound,B77L,KCVG,EDDP,39:51:58.14,44:52:04.16,46.768212,-52.248762,32773.0,236618.5798761328,82
281121610,281121610,westbound,A333,BIKF,CYHM,39:53:00.00,43:12:27.78,64.07,-27.289722,36436.0,194771.9,55
281120594,281120594,westbound,A333,EGLL,CYUL,39:56:37.39,45:14:13.91,55.93898,-8.224768,38306.0,195147.71427147498,84
281121316,281121316,westbound,B77W,EGLL,KJFK,40:01:42.65,45:28:55.89,53.82317,-8.164584,39691.0,275055.58128863934,92
281120847,281120847,westbound,B763,EGLL,KEWR,40:02:46.92,45:18:57.12,55.901112,-8.471546,39748.0,156871.52999539318,84
281118776,281118776,eastbound,B763,KPHL,LFPG,40:02:54.87,44:45:38.58,46.560565,-51.777335,36738.0,153474.26416101833,84
281121819,281121819,westbound,A333,BIKF,KBOS,40:03:00.00,44:17:35.69,63.916667,-27.160278,36314.0,192471.1,70
281120242,281120242,westbound,A388,LIMC,KJFK,40:08:15.56,46:08:35.57,45.993917,-7.100478,39187.0,457953.976354915,103
281121089,281121089,westbound,B772,EGLL,KBWI,40:10:03.73,45:22:39.56,53.972396,-8.206429,38855.0,228468.4147723449,87
281121165,281121165,westbound,B788,GMMN,CYYZ,40:10:05.46,45:43:30.26,36.361119,-14.153682,41719.0,179296.29393642966,99
281120046,281120046,westbound,B789,EDDB,KMIA,40:10:16.46,45:02:14.44,60.59715,-3.574552,39715.0,205831.2371855788,65
281119025,281119025,westbound,A339,LIRF,KJFK,40:11:30.94,45:52:06.74,44.139096,-11.982328,39636.0,206639.44910961346,92
281120372,281120372,westbound,A359,LFPG,KLAX,40:15:14.41,44:31:51.35,55.881315,-8.850514,37846.0,247583.27632983282,54
281120769,281120769,eastbound,B772,CYHZ,EGLL,40:16:40.21,44:41:51.78,47.045962,-51.959695,36071.0,215395.72004830453,77
281119945,281119945,westbound,B77L,LIMC,KORD,40:22:39.03,44:53:28.86,53.500312,-11.87382,41878.0,248677.2604219819,73
281121026,281121026,westbound,B789,EGLL,KLAX,40:25:52.83,44:29:05.32,56.925802,-9.138912,39284.0,214883.21254282576,53
281120903,281120903,westbound,A332,LEMD,KJFK,40:26:12.89,46:02:30.56,41.933376,-13.792472,39495.0,197190.42544062727,94
281121619,281121619,westbound,A35K,EGLL,KJFK,40:28:09.47,45:55:30.67,53.845724,-8.024164,38723.0,255851.68617105717,92
281119304,281119304,eastbound,B772,KBOS,EGLL,40:31:08.32,44:57:23.13,46.799701,-52.034643,36246.0,214900.28659990578,79
281121387,281121387,westbound,A333,GCLP,BIKF,40:36:51.92,44:28:43.91,34.597324,-15.688723,38676.0,191323.37721803196,68
281117377,281117377,eastbound,B763,KCVG,EBBR,40:38:17.53,45:28:26.78,46.703552,-52.223618,36678.0,154073.58186288734,82
281122722,281122722,westbound,A333,EIDW,KJFK,40:39:00.00,46:11:00.84,54.460278,-9.221667,37948.0,197329.4,90
281121298,281121298,westbound,B772,EGLL,KATL,40:40:12.27,45:19:56.49,56.392811,-8.06157,38433.0,234187.27919878345,74
281120179,281120179,westbound,A333,EDDF,KPHL,40:46:24.50,45:44:49.96,58.359407,-7.791963,38757.0,192178.73692080076,81
281121850,281121850,westbound,B763,EGLL,KEWR,40:46:44.53,46:02:46.61,56.037259,-8.518486,39738.0,156873.38460151956,84
281122711,281122711,westbound,A333,EIDW,KORD,40:48:00.00,45:30:13.52,54.466667,-10.116667,37947.0,197329.4,76
281122867,281122867,westbound,B772,BIKF,KRDU,40:50:00.00,44:16:36.70,63.916667,-27.160278,36210.0,223934.1,59
281121178,281121178,westbound,B744,ELLX,KATL,40:52:24.84,45:13:37.49,56.942999,-8.710093,38015.0,307556.80362839997,65
281121543,281121543,westbound,B772,EGLL,KORD,40:52:40.60,45:16:45.33,56.722391,-8.443627,38689.0,230529.15426618708,75
281121949,281121949,westbound,B788,EGLL,KCVG,40:52:43.48,45:26:56.66,56.306569,-8.504751,41676.0,179611.85681197327,77
281120504,281120504,westbound,A359,EDDM,CYUL,40:53:04.78,45:53:06.26,57.696232,-8.210932,40007.0,224736.6729335031,83
281122027,281122027,westbound,A333,GCFV,BIKF,40:54:22.72,44:41:19.91,35.267617,-15.080898,38737.0,190835.2367916494,66
281122764,281122764,westbound,B772,BIKF,KORD,40:55:00.00,43:54:13.14,63.916667,-27.160278,36339.0,223017.8,51
281122555,281122555,westbound,B764,EGLL,KATL,40:57:30.18,45:46:46.83,56.628624,-8.357316,34270.0,181370.66788832107,73
281123174,281123174,westbound,B772,BIKF,KBWI,40:58:00.00,44:38:16.53,63.916667,-27.160278,36150.0,220766.3,63
281120100,281120100,eastbound,B744,KPHL,EDDK,40:58:08.74,45:47:37.14,46.868157,-51.870274,36113.0,288510.1127075004,90
281122810,281122810,westbound,A333,EIDW,KBOS,41:00:00.00,46:27:15.94,54.466667,-10.116667,37947.0,197329.4,86
281122937,281122937,westbound,B752,BIKF,KJFK,41:03:00.00,45:15:18.91,63.916667,-27.160278,35205.0,91997.1,69
281121603,281121603,westbound,A333,GCTS,BIKF,41:03:34.60,44:55:00.87,34.614468,-15.954592,38691.0,191189.5346174949,68
281122936,281122936,westbound,B772,BIKF,KIAD,41:05:00.00,44:41:13.32,63.916667,-27.160278,36166.0,221221.3,62
281122010,281122010,westbound,B77W,LFPG,KJFK,41:05:59.48,46:31:08.19,54.858166,-8.095701,39752.0,274141.00037809863,91
281121126,281121126,westbound,B744,ETAR,KWRI,41:08:38.29,46:07:54.73,56.790185,-7.992915,38706.0,295354.1924463215,86
281122297,281122297,westbound,B763,EGLL,KIAD,41:10:21.43,46:29:03.45,55.838094,-7.94639,39638.0,158962.05210339138,84
281123105,281123105,westbound,B763,BIKF,KBOS,41:11:00.00,45:32:06.15,63.916667,-27.160278,35949.0,149673.2,71
281122413,281122413,westbound,B772,EGLL,KEWR,41:12:04.74,46:00:32.86,56.44848,-8.588456,39108.0,224699.31395750868,81
281121561,281121561,westbound,A359,LFPG,KDTW,41:12:46.32,45:54:35.16,55.373399,-8.086993,39477.0,229071.59232500376,80
281122468,281122468,westbound,A35K,EGLL,KIAD,41:13:59.20,46:09:05.04,56.147895,-7.96008,38597.0,257979.9644346321,82
281118335,281118335,eastbound,B77L,KCVG,EGNX,41:15:11.84,45:35:45.15,46.632939,-52.40045,36912.0,231079.70855381934,75
281121671,281121671,westbound,B772,EHAM,KATL,41:17:27.61,45:40:21.78,59.65113,-8.650375,38385.0,232929.91536092246,67
281122665,281122665,westbound,B764,EGLL,KJFK,41:17:45.76,46:52:08.44,56.133162,-8.141607,34508.0,174102.37498042668,91
281121871,281121871,westbound,B744,EBLG,KRFD,41:17:59.19,45:40:42.96,56.466519,-8.232297,38212.0,303623.82512590766,77
281123082,281123082,westbound,B772,BIKF,KEWR,41:19:00.00,45:01:28.05,63.916667,-27.160278,36137.0,218769.4,64
281120884,281120884,eastbound,B772,KJFK,EGLL,41:22:06.40,45:50:45.16,46.769862,-52.437926,36259.0,214876.21758198945,79
281120802,281120802,westbound,A359,EDDM,KEWR,41:27:41.84,46:32:03.07,57.942175,-7.733235,39804.0,227101.71678243676,88
281120745,281120745,westbound,A359,EDDM,KBOS,41:33:54.49,46:48:50.91,57.745873,-8.342909,40003.0,224874.59995247395,86
281122464,281122464,westbound,B788,EGLL,CYUL,41:35:05.87,46:46:07.18,54.109477,-8.630567,42216.0,174505.9399210191,85
281123117,281123117,westbound,B77W,EHAM,KBOS,41:41:21.41,47:00:32.96,57.216052,-8.437586,39494.0,271187.6280958853,87
281122122,281122122,westbound,B772,EDDF,KIAD,41:43:46.20,46:39:08.43,57.703648,-7.874232,38888.0,227168.09017515843,83
281120729,281120729,eastbound,A339,CYYT,EGLL,41:51:00.00,46:08:04.69,47.031389,-49.779166,38008.0,194487.4,73
281122960,281122960,westbound,B744,ELLX,KHSV,41:55:56.14,46:20:39.16,56.969984,-8.603205,37962.0,308594.02498771687,67
281123263,281123263,westbound,B772,EGLL,CYYZ,41:56:10.81,46:45:29.15,54.24383,-8.215805,38943.0,227214.20918534606,82
281123575,281123575,westbound,B789,EGLL,KJFK,41:57:27.24,47:23:24.55,53.835736,-8.037447,40805.0,198105.45343581852,92
281122271,281122271,westbound,A333,LSZH,KEWR,41:58:40.19,47:17:07.42,54.092401,-8.358369,38789.0,192123.013779738,90
281121737,281121737,westbound,B788,EPWA,KORD,42:05:16.58,46:27:27.50,60.578683,-4.008203,41583.0,177265.75350859112,68
281122510,281122510,westbound,A333,LSZH,KBOS,42:10:13.66,47:41:06.05,54.354861,-8.323622,38785.0,192151.84711401426,88
281122870,281122870,westbound,B772,EPWA,KJFK,42:11:16.03,48:00:27.02,60.80996,2.510574,38391.0,228510.04674059464,97
281123132,281123132,westbound,B77W,EGLL,KLAX,42:13:15.55,46:16:16.43,56.886646,-9.086062,37584.0,301671.7397150674,53
281120870,281120870,eastbound,B763,KPHL,EGNX,42:15:46.01,46:32:52.37,46.816125,-51.768707,37357.0,151148.214502139,76
281123537,281123537,westbound,A333,LPPT,CYUL,42:16:18.09,47:44:46.63,41.451891,-14.188933,38078.0,196487.92624830003,90
281123911,281123911,westbound,A339,EGLL,KSEA,42:27:33.33,46:42:39.65,56.383497,-8.221406,38388.0,217327.82441914387,63
281117123,281117123,eastbound,B77L,KLAX,EGNX,42:31:46.53,46:34:29.98,48.987988,-53.176788,42596.0,226577.3163228061,53
281116531,281116531,eastbound,B77L,KLAX,EDDP,42:32:45.89,47:39:36.05,46.24852,-53.207488,38442.0,230531.87464492605,56
281122310,281122310,westbound,B788,EPWA,CYYZ,42:34:40.19,47:08:20.51,60.619588,-6.059384,41966.0,172884.83287617096,75
281122712,281122712,westbound,B789,EPWA,KLAX,42:46:24.70,47:00:17.16,60.711401,-3.752189,39033.0,211621.39687983276,49
281122551,281122551,eastbound,A333,KJFK,EDDP,42:51:23.25,48:12:36.20,46.610192,-52.251536,37838.0,190135.44505830115,90
281124622,281124622,westbound,A333,LPPT,CYYZ,42:51:50.92,48:26:50.94,42.263184,-13.171529,38103.0,196325.83898005035,91
281123602,281123602,westbound,GLEX,LSZH,KEWR,42:55:29.45,48:06:02.75,53.993729,-8.06411,46552.0,32796.7028343803,91
281120804,281120804,westbound,B77W,LGAV,KEWR,42:56:53.66,47:49:20.16,54.084167,-10.834834,39769.0,273952.13151814387,73
281124324,281124324,westbound,B763,EGLL,KEWR,42:57:50.55,48:14:24.87,55.928701,-8.4358,39915.0,156870.76780368784,84
281123912,281123912,westbound,B748,EDDK,KSDF,43:01:01.46,47:21:21.93,58.900549,-7.728399,36801.0,384795.2769308417,70
281123922,281123922,westbound,A359,LFPO,KEWR,43:05:44.61,48:11:27.15,53.607119,-10.029556,39809.0,225468.93970237722,87
281124722,281124722,westbound,B78X,EGLL,KBOS,43:28:22.32,48:52:14.64,54.383937,-8.505954,39379.0,224711.31278750557,88
281123493,281123493,westbound,A359,LIRF,KATL,43:30:52.78,49:16:38.97,42.829373,-12.418708,39094.0,236491.8658952927,77
281124709,281124709,westbound,B772,LFPG,CYYZ,43:37:59.00,48:20:46.45,55.076076,-8.372232,38990.0,226199.31212331075,81
281124567,281124567,westbound,B77L,EDDF,KJFK,43:47:08.58,49:04:36.06,57.392781,-7.84154,42159.0,242729.76218614838,90
281122118,281122118,eastbound,B77L,KCVG,EDDP,43:48:01.03,48:52:00.08,46.46257,-51.952066,37853.0,237624.65321246916,79
281125440,281125440,westbound,B772,EGLL,KJFK,43:54:14.65,49:08:41.61,54.473704,-8.332356,39041.0,225794.18272154775,88
281125542,281125542,westbound,B789,EGLL,KBOS,44:04:51.49,49:29:19.60,54.201329,-8.579977,40984.0,195893.38253448074,88
281123761,281123761,eastbound,A333,CYYT,EGLL,44:16:00.00,48:31:14.42,48.955278,-50.103611,37509.0,191440.4,69
281125243,281125243,westbound,A359,LFPO,KSFO,44:17:59.21,48:35:24.50,55.269487,-8.52491,37907.0,246840.84811750593,56
281124173,281124173,westbound,B748,LOWW,KORD,44:22:33.21,48:43:09.32,57.127275,-8.711893,36936.0,385460.11928802804,67
281125785,281125785,westbound,B772,EGLL,KJFK,44:28:33.43,49:49:07.69,54.479173,-8.593884,39044.0,225753.5492244259,91
281126019,281126019,westbound,B77L,EHAM,KORD,44:43:13.15,49:04:21.54,58.371605,-7.696795,41648.0,248707.15909544326,75
281126265,281126265,westbound,B772,EGLL,KJFK,44:45:38.14,50:06:48.09,54.195467,-8.569286,39044.0,225743.83663135042,91
281126322,281126322,westbound,B77L,EDDK,KMEM,44:56:23.35,49:10:59.06,58.306067,-8.420687,41116.0,254831.5350090148,64
281126052,281126052,westbound,B77L,EDDF,KMEM,44:56:46.07,49:08:54.80,58.26212,-9.045009,41253.0,254274.6314377957,62
281126217,281126217,westbound,B77L,LFPG,KMEM,44:56:51.57,49:21:25.66,55.588216,-9.192224,41040.0,254261.0984503157,67
281124840,281124840,eastbound,A332,MUVR,EPKT,45:05:41.08,52:09:11.56,38.000915,-66.479393,38584.0,205344.18647103023,86
281126565,281126565,westbound,A339,EGLL,KJFK,45:21:21.73,50:41:16.76,51.8456,-14.041886,31832.0,202149.6383009921,87
281127143,281127143,westbound,B77L,EGSS,KMEM,45:23:56.27,49:55:55.74,55.629163,-8.421702,40290.0,255857.1871165347,74
281126118,281126118,westbound,B77L,LIMC,KMEM,45:23:58.61,49:55:54.40,53.822272,-10.92306,41428.0,254168.080938501,66
281126680,281126680,westbound,A332,EBBR,KCVG,45:27:00.47,50:16:37.68,55.558912,-7.997749,39109.0,202752.90854355358,81
281124168,281124168,eastbound,A333,KCVG,LIMC,45:30:00.80,50:28:48.55,45.950361,-51.802946,38421.0,186077.0102194436,73
281126192,281126192,eastbound,A332,CYUL,DTTA,45:32:24.91,50:18:15.35,46.588544,-51.852874,37854.0,199997.19562294724,74
281126629,281126629,westbound,B77L,LFPG,KORD,45:33:50.79,50:07:37.67,55.026164,-8.215916,41117.0,249268.52243837394,80
281127121,281127121,westbound,B763,EGSS,KSDF,45:36:40.15,50:29:07.88,55.470171,-8.152709,39270.0,162436.9296903843,80
281127331,281127331,westbound,B788,EGLL,KORD,45:51:09.74,50:21:35.90,55.813,-8.200341,41495.0,179983.0426512749,79
281126588,281126588,eastbound,A332,CYUL,DAAG,46:19:20.44,51:01:45.18,46.559073,-52.410072,38654.0,197084.26438764762,78
281127406,281127406,westbound,B748,EDDK,KSDF,46:24:22.92,50:49:31.51,57.474875,-8.318798,36775.0,385286.3113083333,73
281127779,281127779,westbound,B77L,EGSS,KIND,46:41:27.13,51:14:32.53,55.458106,-7.954613,40518.0,251027.31048152526,80
281127852,281127852,westbound,B772,EGLL,KJFK,46:48:49.29,51:57:44.21,54.226788,-8.638231,39044.0,225719.51438468733,89
281127821,281127821,westbound,B763,EGNX,KCVG,46:49:34.86,51:59:29.75,51.37512,-13.454745,24808.0,159504.2151295715,87
281128046,281128046,westbound,B789,EGLL,MMMX,46:59:33.90,53:06:36.10,51.685015,-6.271116,39044.0,218348.33024555392,66
281127869,281127869,westbound,B789,LFPG,MMMX,47:07:11.53,53:02:13.83,48.16721,-6.992193,39083.0,217067.95326736497,61
281128279,281128279,westbound,B788,EHAM,MMMX,47:44:35.61,53:52:51.91,50.975028,-6.442686,40228.0,194319.02425479994,65
